{
"type": "FeatureCollection",
"name": "dams",
"features": [
{ "type": "Feature", "properties": { "fid": "mekongdams.2", "date_updat": 0, "region": "Asia (SE)", "country": "Cambodia", "prov_state": null, "project": "Unknown", "rivers": null, "basin": "Mekong", "latitude": 11.57321, "longitude": 104.525291, "purpose": "Unknown", "numb_dams": null, "capacity": 0.0, "size": "NoData", "turbines": null, "dam_height": 0.0, "res_elev": null, "res_area_k": null, "res_capmil": null, "certainty": null, "status": "Unknown", "china_ovrs": null, "cost_us_m": 0, "financier": null, "financier2": null, "financier3": null, "developer": null, "builder": null, "sionhydrob": null, "contractor": null, "operator": null, "risk_insr": null, "start_date": 0, "complet_da": "Unknown", "oper_date": null, "hist_notes": null, "trans_line": null, "approv_not": null, "mdb_risk_c": null, "mdb_loan_t": null, "mdb_status": null, "proj_desc": null, "resettl_ge": null, "resettl_pe": null, "resettl_ho": null, "local_name": null, "notes": null, "source": null, "cartodb_id": 120, "created_at": "2015-07-13", "updated_at": "2015-07-13" }, "geometry": { "type": "MultiPoint", "coordinates": [ [ 104.525291, 11.57321 ] ] } },
{ "type": "Feature", "properties": { "fid": "mekongdams.3", "date_updat": 0, "region": "Asia (SE)", "country": "Cambodia", "prov_state": null, "project": "Unknown", "rivers": null, "basin": "Mekong", "latitude": 11.57321, "longitude": 104.525291, "purpose": "Unknown", "numb_dams": null, "capacity": 0.0, "size": "NoData", "turbines": null, "dam_height": 0.0, "res_elev": null, "res_area_k": null, "res_capmil": null, "certainty": null, "status": "Unknown", "china_ovrs": null, "cost_us_m": 0, "financier": null, "financier2": null, "financier3": null, "developer": null, "builder": null, "sionhydrob": null, "contractor": null, "operator": null, "risk_insr": null, "start_date": 0, "complet_da": "Unknown", "oper_date": null, "hist_notes": null, "trans_line": null, "approv_not": null, "mdb_risk_c": null, "mdb_loan_t": null, "mdb_status": null, "proj_desc": null, "resettl_ge": null, "resettl_pe": null, "resettl_ho": null, "local_name": null, "notes": null, "source": null, "cartodb_id": 121, "created_at": "2015-07-13", "updated_at": "2015-07-13" }, "geometry": { "type": "MultiPoint", "coordinates": [ [ 104.525291, 11.57321 ] ] } },
{ "type": "Feature", "properties": { "fid": "mekongdams.1", "date_updat": 0, "region": "Asia (SE)", "country": "Cambodia", "prov_state": null, "project": "Unknown", "rivers": null, "basin": "Mekong", "latitude": 10.6564, "longitude": 104.869324, "purpose": "Unknown", "numb_dams": null, "capacity": 0.0, "size": "NoData", "turbines": null, "dam_height": 0.0, "res_elev": null, "res_area_k": null, "res_capmil": null, "certainty": null, "status": "Unknown", "china_ovrs": null, "cost_us_m": 0, "financier": null, "financier2": null, "financier3": null, "developer": null, "builder": null, "sionhydrob": null, "contractor": null, "operator": null, "risk_insr": null, "start_date": 0, "complet_da": "Unknown", "oper_date": null, "hist_notes": null, "trans_line": null, "approv_not": null, "mdb_risk_c": null, "mdb_loan_t": null, "mdb_status": null, "proj_desc": null, "resettl_ge": null, "resettl_pe": null, "resettl_ho": null, "local_name": null, "notes": null, "source": null, "cartodb_id": 119, "created_at": "2015-07-13", "updated_at": "2015-07-13" }, "geometry": { "type": "MultiPoint", "coordinates": [ [ 104.869324, 10.6564 ] ] } },
{ "type": "Feature", "properties": { "fid": "mekongdams.4", "date_updat": 0, "region": "Asia (SE)", "country": "Cambodia", "prov_state": null, "project": "Unknown", "rivers": null, "basin": "Mekong", "latitude": 11.95385, "longitude": 104.593422, "purpose": "Unknown", "numb_dams": null, "capacity": 0.0, "size": "NoData", "turbines": null, "dam_height": 0.0, "res_elev": null, "res_area_k": null, "res_capmil": null, "certainty": null, "status": "Unknown", "china_ovrs": null, "cost_us_m": 0, "financier": null, "financier2": null, "financier3": null, "developer": null, "builder": null, "sionhydrob": null, "contractor": null, "operator": null, "risk_insr": null, "start_date": 0, "complet_da": "Unknown", "oper_date": null, "hist_notes": null, "trans_line": null, "approv_not": null, "mdb_risk_c": null, "mdb_loan_t": null, "mdb_status": null, "proj_desc": null, "resettl_ge": null, "resettl_pe": null, "resettl_ho": null, "local_name": null, "notes": null, "source": null, "cartodb_id": 122, "created_at": "2015-07-13", "updated_at": "2015-07-13" }, "geometry": { "type": "MultiPoint", "coordinates": [ [ 104.593422, 11.95385 ] ] } },
{ "type": "Feature", "properties": { "fid": "mekongdams.5", "date_updat": 0, "region": "Asia (SE)", "country": "Cambodia", "prov_state": null, "project": "Unknown", "rivers": null, "basin": "Mekong", "latitude": 11.95385, "longitude": 104.593422, "purpose": "Unknown", "numb_dams": null, "capacity": 0.0, "size": "NoData", "turbines": null, "dam_height": 0.0, "res_elev": null, "res_area_k": null, "res_capmil": null, "certainty": null, "status": "Unknown", "china_ovrs": null, "cost_us_m": 0, "financier": null, "financier2": null, "financier3": null, "developer": null, "builder": null, "sionhydrob": null, "contractor": null, "operator": null, "risk_insr": null, "start_date": 0, "complet_da": "Unknown", "oper_date": null, "hist_notes": null, "trans_line": null, "approv_not": null, "mdb_risk_c": null, "mdb_loan_t": null, "mdb_status": null, "proj_desc": null, "resettl_ge": null, "resettl_pe": null, "resettl_ho": null, "local_name": null, "notes": null, "source": null, "cartodb_id": 123, "created_at": "2015-07-13", "updated_at": "2015-07-13" }, "geometry": { "type": "MultiPoint", "coordinates": [ [ 104.593422, 11.95385 ] ] } },
{ "type": "Feature", "properties": { "fid": "mekongdams.6", "date_updat": 0, "region": "Asia (SE)", "country": "Cambodia", "prov_state": null, "project": "Unknown", "rivers": null, "basin": "Mekong", "latitude": 12.1085, "longitude": 105.436737, "purpose": "Unknown", "numb_dams": null, "capacity": 0.0, "size": "NoData", "turbines": null, "dam_height": 0.0, "res_elev": null, "res_area_k": null, "res_capmil": null, "certainty": null, "status": "Unknown", "china_ovrs": null, "cost_us_m": 0, "financier": null, "financier2": null, "financier3": null, "developer": null, "builder": null, "sionhydrob": null, "contractor": null, "operator": null, "risk_insr": null, "start_date": 0, "complet_da": "Unknown", "oper_date": null, "hist_notes": null, "trans_line": null, "approv_not": null, "mdb_risk_c": null, "mdb_loan_t": null, "mdb_status": null, "proj_desc": null, "resettl_ge": null, "resettl_pe": null, "resettl_ho": null, "local_name": null, "notes": null, "source": null, "cartodb_id": 124, "created_at": "2015-07-13", "updated_at": "2015-07-13" }, "geometry": { "type": "MultiPoint", "coordinates": [ [ 105.436737, 12.1085 ] ] } },
{ "type": "Feature", "properties": { "fid": "mekongdams.7", "date_updat": 0, "region": "Asia (SE)", "country": "Cambodia", "prov_state": null, "project": "Unknown", "rivers": null, "basin": "Mekong", "latitude": 12.1085, "longitude": 105.436737, "purpose": "Unknown", "numb_dams": null, "capacity": 0.0, "size": "NoData", "turbines": null, "dam_height": 0.0, "res_elev": null, "res_area_k": null, "res_capmil": null, "certainty": null, "status": "Unknown", "china_ovrs": null, "cost_us_m": 0, "financier": null, "financier2": null, "financier3": null, "developer": null, "builder": null, "sionhydrob": null, "contractor": null, "operator": null, "risk_insr": null, "start_date": 0, "complet_da": "Unknown", "oper_date": null, "hist_notes": null, "trans_line": null, "approv_not": null, "mdb_risk_c": null, "mdb_loan_t": null, "mdb_status": null, "proj_desc": null, "resettl_ge": null, "resettl_pe": null, "resettl_ho": null, "local_name": null, "notes": null, "source": null, "cartodb_id": 125, "created_at": "2015-07-13", "updated_at": "2015-07-13" }, "geometry": { "type": "MultiPoint", "coordinates": [ [ 105.436737, 12.1085 ] ] } },
{ "type": "Feature", "properties": { "fid": "mekongdams.9", "date_updat": 0, "region": "Asia (SE)", "country": "Cambodia", "prov_state": null, "project": "Unknown", "rivers": null, "basin": "Mekong", "latitude": 12.19372, "longitude": 105.185516, "purpose": "Unknown", "numb_dams": null, "capacity": 0.0, "size": "NoData", "turbines": null, "dam_height": 0.0, "res_elev": null, "res_area_k": null, "res_capmil": null, "certainty": null, "status": "Unknown", "china_ovrs": null, "cost_us_m": 0, "financier": null, "financier2": null, "financier3": null, "developer": null, "builder": null, "sionhydrob": null, "contractor": null, "operator": null, "risk_insr": null, "start_date": 0, "complet_da": "Unknown", "oper_date": null, "hist_notes": null, "trans_line": null, "approv_not": null, "mdb_risk_c": null, "mdb_loan_t": null, "mdb_status": null, "proj_desc": null, "resettl_ge": null, "resettl_pe": null, "resettl_ho": null, "local_name": null, "notes": null, "source": null, "cartodb_id": 126, "created_at": "2015-07-13", "updated_at": "2015-07-13" }, "geometry": { "type": "MultiPoint", "coordinates": [ [ 105.185516, 12.19372 ] ] } },
{ "type": "Feature", "properties": { "fid": "mekongdams.10", "date_updat": 0, "region": "Asia (SE)", "country": "Cambodia", "prov_state": null, "project": "Unknown", "rivers": null, "basin": "Mekong", "latitude": 12.19372, "longitude": 105.185516, "purpose": "Unknown", "numb_dams": null, "capacity": 0.0, "size": "NoData", "turbines": null, "dam_height": 0.0, "res_elev": null, "res_area_k": null, "res_capmil": null, "certainty": null, "status": "Unknown", "china_ovrs": null, "cost_us_m": 0, "financier": null, "financier2": null, "financier3": null, "developer": null, "builder": null, "sionhydrob": null, "contractor": null, "operator": null, "risk_insr": null, "start_date": 0, "complet_da": "Unknown", "oper_date": null, "hist_notes": null, "trans_line": null, "approv_not": null, "mdb_risk_c": null, "mdb_loan_t": null, "mdb_status": null, "proj_desc": null, "resettl_ge": null, "resettl_pe": null, "resettl_ho": null, "local_name": null, "notes": null, "source": null, "cartodb_id": 127, "created_at": "2015-07-13", "updated_at": "2015-07-13" }, "geometry": { "type": "MultiPoint", "coordinates": [ [ 105.185516, 12.19372 ] ] } },
{ "type": "Feature", "properties": { "fid": "mekongdams.12", "date_updat": 0, "region": "Asia (SE)", "country": "Cambodia", "prov_state": null, "project": "Pursat 1", "rivers": null, "basin": "Mekong", "latitude": 12.27386, "longitude": 103.283699, "purpose": "Hydropower", "numb_dams": null, "capacity": 100.0, "size": "Large", "turbines": null, "dam_height": 51.0, "res_elev": null, "res_area_k": null, "res_capmil": null, "certainty": null, "status": "Under Construction", "china_ovrs": null, "cost_us_m": 0, "financier": null, "financier2": null, "financier3": null, "developer": null, "builder": null, "sionhydrob": null, "contractor": null, "operator": null, "risk_insr": null, "start_date": 0, "complet_da": "Unknown", "oper_date": null, "hist_notes": null, "trans_line": null, "approv_not": null, "mdb_risk_c": null, "mdb_loan_t": null, "mdb_status": null, "proj_desc": null, "resettl_ge": null, "resettl_pe": null, "resettl_ho": null, "local_name": null, "notes": null, "source": null, "cartodb_id": 128, "created_at": "2015-07-13", "updated_at": "2015-07-13" }, "geometry": { "type": "MultiPoint", "coordinates": [ [ 103.283699, 12.27386 ] ] } },
{ "type": "Feature", "properties": { "fid": "mekongdams.14", "date_updat": 0, "region": "Asia (SE)", "country": "Cambodia", "prov_state": null, "project": "Pursat 2", "rivers": null, "basin": "Mekong", "latitude": 12.28423, "longitude": 103.614861, "purpose": "Hydropower", "numb_dams": null, "capacity": 10.0, "size": "Large", "turbines": null, "dam_height": 40.0, "res_elev": null, "res_area_k": null, "res_capmil": null, "certainty": null, "status": "Under Construction", "china_ovrs": null, "cost_us_m": 0, "financier": null, "financier2": null, "financier3": null, "developer": null, "builder": null, "sionhydrob": null, "contractor": null, "operator": null, "risk_insr": null, "start_date": 0, "complet_da": "Unknown", "oper_date": null, "hist_notes": null, "trans_line": null, "approv_not": null, "mdb_risk_c": null, "mdb_loan_t": null, "mdb_status": null, "proj_desc": null, "resettl_ge": null, "resettl_pe": null, "resettl_ho": null, "local_name": null, "notes": null, "source": null, "cartodb_id": 129, "created_at": "2015-07-13", "updated_at": "2015-07-13" }, "geometry": { "type": "MultiPoint", "coordinates": [ [ 103.614861000000104, 12.28423 ] ] } },
{ "type": "Feature", "properties": { "fid": "mekongdams.26", "date_updat": 0, "region": "Asia (SE)", "country": "Cambodia", "prov_state": null, "project": "Battambang 2", "rivers": null, "basin": "Mekong", "latitude": 12.43276, "longitude": 102.902458, "purpose": "Hydropower", "numb_dams": null, "capacity": 22.0, "size": "Large", "turbines": null, "dam_height": 50.0, "res_elev": null, "res_area_k": null, "res_capmil": null, "certainty": null, "status": "Planned", "china_ovrs": null, "cost_us_m": 0, "financier": null, "financier2": null, "financier3": null, "developer": null, "builder": null, "sionhydrob": null, "contractor": null, "operator": null, "risk_insr": null, "start_date": 0, "complet_da": "Unknown", "oper_date": null, "hist_notes": null, "trans_line": null, "approv_not": null, "mdb_risk_c": null, "mdb_loan_t": null, "mdb_status": null, "proj_desc": null, "resettl_ge": null, "resettl_pe": null, "resettl_ho": null, "local_name": null, "notes": null, "source": null, "cartodb_id": 130, "created_at": "2015-07-13", "updated_at": "2015-07-13" }, "geometry": { "type": "MultiPoint", "coordinates": [ [ 102.902458000000109, 12.43276 ] ] } },
{ "type": "Feature", "properties": { "fid": "mekongdams.56", "date_updat": 0, "region": "Asia (SE)", "country": "Cambodia", "prov_state": null, "project": "Sambor", "rivers": null, "basin": "Mekong", "latitude": 12.78316, "longitude": 105.950157, "purpose": "Hydropower", "numb_dams": null, "capacity": 3300.0, "size": "Large", "turbines": null, "dam_height": 35.0, "res_elev": null, "res_area_k": null, "res_capmil": null, "certainty": null, "status": "Planned", "china_ovrs": null, "cost_us_m": 0, "financier": null, "financier2": null, "financier3": null, "developer": null, "builder": null, "sionhydrob": null, "contractor": null, "operator": null, "risk_insr": null, "start_date": 0, "complet_da": "2020", "oper_date": null, "hist_notes": null, "trans_line": null, "approv_not": null, "mdb_risk_c": null, "mdb_loan_t": null, "mdb_status": null, "proj_desc": null, "resettl_ge": null, "resettl_pe": null, "resettl_ho": null, "local_name": null, "notes": null, "source": null, "cartodb_id": 131, "created_at": "2015-07-13", "updated_at": "2015-07-13" }, "geometry": { "type": "MultiPoint", "coordinates": [ [ 105.950157, 12.78316 ] ] } },
{ "type": "Feature", "properties": { "fid": "mekongdams.58", "date_updat": 0, "region": "Asia (SE)", "country": "Cambodia", "prov_state": null, "project": "Battambang 1", "rivers": null, "basin": "Mekong", "latitude": 12.7999, "longitude": 102.907883, "purpose": "Hydropower", "numb_dams": null, "capacity": 24.0, "size": "Large", "turbines": null, "dam_height": 49.0, "res_elev": null, "res_area_k": null, "res_capmil": null, "certainty": null, "status": "Planned", "china_ovrs": null, "cost_us_m": 0, "financier": null, "financier2": null, "financier3": null, "developer": null, "builder": null, "sionhydrob": null, "contractor": null, "operator": null, "risk_insr": null, "start_date": 0, "complet_da": "Unknown", "oper_date": null, "hist_notes": null, "trans_line": null, "approv_not": null, "mdb_risk_c": null, "mdb_loan_t": null, "mdb_status": null, "proj_desc": null, "resettl_ge": null, "resettl_pe": null, "resettl_ho": null, "local_name": null, "notes": null, "source": null, "cartodb_id": 132, "created_at": "2015-07-13", "updated_at": "2015-07-13" }, "geometry": { "type": "MultiPoint", "coordinates": [ [ 102.907883000000112, 12.7999 ] ] } },
{ "type": "Feature", "properties": { "fid": "mekongdams.65", "date_updat": 0, "region": "Asia (SE)", "country": "Cambodia", "prov_state": null, "project": "Lower Sre Pok 4", "rivers": null, "basin": "Mekong", "latitude": 13.04903, "longitude": 107.454277, "purpose": "Hydropower", "numb_dams": null, "capacity": 143.0, "size": "Large", "turbines": null, "dam_height": 70.0, "res_elev": null, "res_area_k": null, "res_capmil": null, "certainty": null, "status": "Planned", "china_ovrs": null, "cost_us_m": 0, "financier": null, "financier2": null, "financier3": null, "developer": null, "builder": null, "sionhydrob": null, "contractor": null, "operator": null, "risk_insr": null, "start_date": 0, "complet_da": "Unknown", "oper_date": null, "hist_notes": null, "trans_line": null, "approv_not": null, "mdb_risk_c": null, "mdb_loan_t": null, "mdb_status": null, "proj_desc": null, "resettl_ge": null, "resettl_pe": null, "resettl_ho": null, "local_name": null, "notes": null, "source": null, "cartodb_id": 133, "created_at": "2015-07-13", "updated_at": "2015-07-13" }, "geometry": { "type": "MultiPoint", "coordinates": [ [ 107.454277000000133, 13.04903 ] ] } },
{ "type": "Feature", "properties": { "fid": "mekongdams.68", "date_updat": 0, "region": "Asia (SE)", "country": "Cambodia", "prov_state": null, "project": "Stung Sen", "rivers": null, "basin": "Mekong", "latitude": 13.30373, "longitude": 105.253189, "purpose": "Hydropower", "numb_dams": null, "capacity": 23.0, "size": "Large", "turbines": null, "dam_height": 38.0, "res_elev": null, "res_area_k": null, "res_capmil": null, "certainty": null, "status": "Planned", "china_ovrs": null, "cost_us_m": 0, "financier": null, "financier2": null, "financier3": null, "developer": null, "builder": null, "sionhydrob": null, "contractor": null, "operator": null, "risk_insr": null, "start_date": 0, "complet_da": "Unknown", "oper_date": null, "hist_notes": null, "trans_line": null, "approv_not": null, "mdb_risk_c": null, "mdb_loan_t": null, "mdb_status": null, "proj_desc": null, "resettl_ge": null, "resettl_pe": null, "resettl_ho": null, "local_name": null, "notes": null, "source": null, "cartodb_id": 134, "created_at": "2015-07-13", "updated_at": "2015-07-13" }, "geometry": { "type": "MultiPoint", "coordinates": [ [ 105.253189, 13.30373 ] ] } },
{ "type": "Feature", "properties": { "fid": "mekongdams.70", "date_updat": 0, "region": "Asia (SE)", "country": "Cambodia", "prov_state": null, "project": "Lower Sre Pok 3", "rivers": null, "basin": "Mekong", "latitude": 13.39312, "longitude": 107.03756, "purpose": "Hydropower", "numb_dams": null, "capacity": 204.0, "size": "Large", "turbines": null, "dam_height": 50.0, "res_elev": null, "res_area_k": null, "res_capmil": null, "certainty": null, "status": "Planned", "china_ovrs": null, "cost_us_m": 0, "financier": null, "financier2": null, "financier3": null, "developer": null, "builder": null, "sionhydrob": null, "contractor": null, "operator": null, "risk_insr": null, "start_date": 0, "complet_da": "Unknown", "oper_date": null, "hist_notes": null, "trans_line": null, "approv_not": null, "mdb_risk_c": null, "mdb_loan_t": null, "mdb_status": null, "proj_desc": null, "resettl_ge": null, "resettl_pe": null, "resettl_ho": null, "local_name": null, "notes": null, "source": null, "cartodb_id": 135, "created_at": "2015-07-13", "updated_at": "2015-07-13" }, "geometry": { "type": "MultiPoint", "coordinates": [ [ 107.03756, 13.39312 ] ] } },
{ "type": "Feature", "properties": { "fid": "mekongdams.71", "date_updat": 0, "region": "Asia (SE)", "country": "Cambodia", "prov_state": null, "project": "Lower Sesan 2", "rivers": null, "basin": "Mekong", "latitude": 13.548836, "longitude": 106.271634, "purpose": "Hydropower", "numb_dams": null, "capacity": 400.0, "size": "Large", "turbines": null, "dam_height": 75.0, "res_elev": null, "res_area_k": null, "res_capmil": null, "certainty": null, "status": "Planned", "china_ovrs": null, "cost_us_m": 0, "financier": null, "financier2": null, "financier3": null, "developer": null, "builder": null, "sionhydrob": null, "contractor": null, "operator": null, "risk_insr": null, "start_date": 0, "complet_da": "Unknown", "oper_date": null, "hist_notes": null, "trans_line": null, "approv_not": null, "mdb_risk_c": null, "mdb_loan_t": null, "mdb_status": null, "proj_desc": null, "resettl_ge": null, "resettl_pe": null, "resettl_ho": null, "local_name": null, "notes": null, "source": null, "cartodb_id": 136, "created_at": "2015-07-13", "updated_at": "2015-07-13" }, "geometry": { "type": "MultiPoint", "coordinates": [ [ 106.271634, 13.548836 ] ] } },
{ "type": "Feature", "properties": { "fid": "mekongdams.72", "date_updat": 0, "region": "Asia (SE)", "country": "Cambodia", "prov_state": null, "project": "Stung Treng", "rivers": null, "basin": "Mekong", "latitude": 13.57531, "longitude": 105.983452, "purpose": "Hydropower", "numb_dams": null, "capacity": 980.0, "size": "Large", "turbines": null, "dam_height": 22.0, "res_elev": null, "res_area_k": null, "res_capmil": null, "certainty": null, "status": "Planned", "china_ovrs": null, "cost_us_m": 0, "financier": null, "financier2": null, "financier3": null, "developer": null, "builder": null, "sionhydrob": null, "contractor": null, "operator": null, "risk_insr": null, "start_date": 0, "complet_da": "Unknown", "oper_date": null, "hist_notes": null, "trans_line": null, "approv_not": null, "mdb_risk_c": null, "mdb_loan_t": null, "mdb_status": null, "proj_desc": null, "resettl_ge": null, "resettl_pe": null, "resettl_ho": null, "local_name": null, "notes": null, "source": null, "cartodb_id": 137, "created_at": "2015-07-13", "updated_at": "2015-07-13" }, "geometry": { "type": "MultiPoint", "coordinates": [ [ 105.983452, 13.57531 ] ] } },
{ "type": "Feature", "properties": { "fid": "mekongdams.73", "date_updat": 0, "region": "Asia (SE)", "country": "Cambodia", "prov_state": null, "project": "O Chum 2", "rivers": null, "basin": "Mekong", "latitude": 13.772342, "longitude": 106.987294, "purpose": "Hydropower", "numb_dams": null, "capacity": 1.0, "size": "Small", "turbines": null, "dam_height": 10.0, "res_elev": null, "res_area_k": null, "res_capmil": null, "certainty": null, "status": "Operational", "china_ovrs": null, "cost_us_m": 0, "financier": null, "financier2": null, "financier3": null, "developer": null, "builder": null, "sionhydrob": null, "contractor": null, "operator": null, "risk_insr": null, "start_date": 0, "complet_da": "1992", "oper_date": null, "hist_notes": null, "trans_line": null, "approv_not": null, "mdb_risk_c": null, "mdb_loan_t": null, "mdb_status": null, "proj_desc": null, "resettl_ge": null, "resettl_pe": null, "resettl_ho": null, "local_name": null, "notes": null, "source": null, "cartodb_id": 138, "created_at": "2015-07-13", "updated_at": "2015-07-13" }, "geometry": { "type": "MultiPoint", "coordinates": [ [ 106.987294, 13.772342 ] ] } },
{ "type": "Feature", "properties": { "fid": "mekongdams.74", "date_updat": 0, "region": "Asia (SE)", "country": "Cambodia", "prov_state": null, "project": "Unknown", "rivers": null, "basin": "Mekong", "latitude": 13.772342, "longitude": 106.987294, "purpose": "Unknown", "numb_dams": null, "capacity": 0.0, "size": "NoData", "turbines": null, "dam_height": 0.0, "res_elev": null, "res_area_k": null, "res_capmil": null, "certainty": null, "status": "Unknown", "china_ovrs": null, "cost_us_m": 0, "financier": null, "financier2": null, "financier3": null, "developer": null, "builder": null, "sionhydrob": null, "contractor": null, "operator": null, "risk_insr": null, "start_date": 0, "complet_da": "Unknown", "oper_date": null, "hist_notes": null, "trans_line": null, "approv_not": null, "mdb_risk_c": null, "mdb_loan_t": null, "mdb_status": null, "proj_desc": null, "resettl_ge": null, "resettl_pe": null, "resettl_ho": null, "local_name": null, "notes": null, "source": null, "cartodb_id": 139, "created_at": "2015-07-13", "updated_at": "2015-07-13" }, "geometry": { "type": "MultiPoint", "coordinates": [ [ 106.987294, 13.772342 ] ] } },
{ "type": "Feature", "properties": { "fid": "mekongdams.75", "date_updat": 0, "region": "Asia (SE)", "country": "Cambodia", "prov_state": null, "project": "Lower Sesan 5/1", "rivers": null, "basin": "Mekong", "latitude": 13.779695, "longitude": 107.428654, "purpose": null, "numb_dams": null, "capacity": 0.0, "size": "NoData", "turbines": null, "dam_height": 0.0, "res_elev": null, "res_area_k": null, "res_capmil": null, "certainty": null, "status": "Planned", "china_ovrs": null, "cost_us_m": 0, "financier": null, "financier2": null, "financier3": null, "developer": null, "builder": null, "sionhydrob": null, "contractor": null, "operator": null, "risk_insr": null, "start_date": 0, "complet_da": null, "oper_date": null, "hist_notes": null, "trans_line": null, "approv_not": null, "mdb_risk_c": null, "mdb_loan_t": null, "mdb_status": null, "proj_desc": null, "resettl_ge": null, "resettl_pe": null, "resettl_ho": null, "local_name": null, "notes": null, "source": null, "cartodb_id": 140, "created_at": "2015-07-13", "updated_at": "2015-07-13" }, "geometry": { "type": "MultiPoint", "coordinates": [ [ 107.428654, 13.779695 ] ] } },
{ "type": "Feature", "properties": { "fid": "mekongdams.85", "date_updat": 0, "region": "Asia (SE)", "country": "Cambodia", "prov_state": null, "project": "Lower Sesan 3", "rivers": null, "basin": "Mekong", "latitude": 14.03926, "longitude": 106.936661, "purpose": "Hydropower", "numb_dams": null, "capacity": 480.0, "size": "Large", "turbines": null, "dam_height": 45.0, "res_elev": null, "res_area_k": null, "res_capmil": null, "certainty": null, "status": "Planned", "china_ovrs": null, "cost_us_m": 0, "financier": null, "financier2": null, "financier3": null, "developer": null, "builder": null, "sionhydrob": null, "contractor": null, "operator": null, "risk_insr": null, "start_date": 0, "complet_da": "2016", "oper_date": null, "hist_notes": null, "trans_line": null, "approv_not": null, "mdb_risk_c": null, "mdb_loan_t": null, "mdb_status": null, "proj_desc": null, "resettl_ge": null, "resettl_pe": null, "resettl_ho": null, "local_name": null, "notes": null, "source": null, "cartodb_id": 141, "created_at": "2015-07-13", "updated_at": "2015-07-13" }, "geometry": { "type": "MultiPoint", "coordinates": [ [ 106.9366610000001, 14.03926 ] ] } },
{ "type": "Feature", "properties": { "fid": "mekongdams.91", "date_updat": 0, "region": "Asia (SE)", "country": "Cambodia", "prov_state": null, "project": "Prek Liang 1", "rivers": null, "basin": "Mekong", "latitude": 14.21656, "longitude": 107.250671, "purpose": "Hydropower", "numb_dams": null, "capacity": 35.0, "size": "Large", "turbines": null, "dam_height": 90.0, "res_elev": null, "res_area_k": null, "res_capmil": null, "certainty": null, "status": "Planned", "china_ovrs": null, "cost_us_m": 0, "financier": null, "financier2": null, "financier3": null, "developer": null, "builder": null, "sionhydrob": null, "contractor": null, "operator": null, "risk_insr": null, "start_date": 0, "complet_da": "Unknown", "oper_date": null, "hist_notes": null, "trans_line": null, "approv_not": null, "mdb_risk_c": null, "mdb_loan_t": null, "mdb_status": null, "proj_desc": null, "resettl_ge": null, "resettl_pe": null, "resettl_ho": null, "local_name": null, "notes": null, "source": null, "cartodb_id": 142, "created_at": "2015-07-13", "updated_at": "2015-07-13" }, "geometry": { "type": "MultiPoint", "coordinates": [ [ 107.250671, 14.21656 ] ] } },
{ "type": "Feature", "properties": { "fid": "mekongdams.93", "date_updat": 0, "region": "Asia (SE)", "country": "Cambodia", "prov_state": null, "project": "Unknown", "rivers": null, "basin": "Mekong", "latitude": 14.23747, "longitude": 104.078644, "purpose": "Unknown", "numb_dams": null, "capacity": 0.0, "size": "NoData", "turbines": null, "dam_height": 0.0, "res_elev": null, "res_area_k": null, "res_capmil": null, "certainty": null, "status": "Unknown", "china_ovrs": null, "cost_us_m": 0, "financier": null, "financier2": null, "financier3": null, "developer": null, "builder": null, "sionhydrob": null, "contractor": null, "operator": null, "risk_insr": null, "start_date": 0, "complet_da": "Unknown", "oper_date": null, "hist_notes": null, "trans_line": null, "approv_not": null, "mdb_risk_c": null, "mdb_loan_t": null, "mdb_status": null, "proj_desc": null, "resettl_ge": null, "resettl_pe": null, "resettl_ho": null, "local_name": null, "notes": null, "source": null, "cartodb_id": 143, "created_at": "2015-07-13", "updated_at": "2015-07-13" }, "geometry": { "type": "MultiPoint", "coordinates": [ [ 104.078644000000139, 14.23747 ] ] } },
{ "type": "Feature", "properties": { "fid": "mekongdams.94", "date_updat": 0, "region": "Asia (SE)", "country": "Cambodia", "prov_state": null, "project": "Prek Liang 2", "rivers": null, "basin": "Mekong", "latitude": 14.28572, "longitude": 107.257202, "purpose": "Hydropower", "numb_dams": null, "capacity": 25.0, "size": "Large", "turbines": null, "dam_height": 90.0, "res_elev": null, "res_area_k": null, "res_capmil": null, "certainty": null, "status": "Planned", "china_ovrs": null, "cost_us_m": 0, "financier": null, "financier2": null, "financier3": null, "developer": null, "builder": null, "sionhydrob": null, "contractor": null, "operator": null, "risk_insr": null, "start_date": 0, "complet_da": "Unknown", "oper_date": null, "hist_notes": null, "trans_line": null, "approv_not": null, "mdb_risk_c": null, "mdb_loan_t": null, "mdb_status": null, "proj_desc": null, "resettl_ge": null, "resettl_pe": null, "resettl_ho": null, "local_name": null, "notes": null, "source": null, "cartodb_id": 144, "created_at": "2015-07-13", "updated_at": "2015-07-13" }, "geometry": { "type": "MultiPoint", "coordinates": [ [ 107.257202, 14.28572 ] ] } },
{ "type": "Feature", "properties": { "fid": "mekongdams.81", "date_updat": 0, "region": "Asia (SE)", "country": "Lao PDR", "prov_state": null, "project": "Don Sahong", "rivers": "Houayho/Xekong", "basin": "Mekong", "latitude": 13.94403, "longitude": 105.956177, "purpose": "Hydropower", "numb_dams": null, "capacity": 240.0, "size": "Small", "turbines": null, "dam_height": 10.0, "res_elev": null, "res_area_k": null, "res_capmil": null, "certainty": null, "status": "Planned", "china_ovrs": null, "cost_us_m": 0, "financier": null, "financier2": null, "financier3": null, "developer": null, "builder": null, "sionhydrob": null, "contractor": null, "operator": null, "risk_insr": null, "start_date": 0, "complet_da": "2016", "oper_date": null, "hist_notes": null, "trans_line": null, "approv_not": null, "mdb_risk_c": null, "mdb_loan_t": null, "mdb_status": null, "proj_desc": null, "resettl_ge": null, "resettl_pe": null, "resettl_ho": null, "local_name": null, "notes": null, "source": null, "cartodb_id": 146, "created_at": "2015-07-13", "updated_at": "2015-07-13" }, "geometry": { "type": "MultiPoint", "coordinates": [ [ 105.956177, 13.94403 ] ] } },
{ "type": "Feature", "properties": { "fid": "mekongdams.82", "date_updat": 0, "region": "Asia (SE)", "country": "Lao PDR", "prov_state": null, "project": "Thakho", "rivers": null, "basin": "Mekong", "latitude": 13.95907, "longitude": 105.988037, "purpose": "Hydropower", "numb_dams": null, "capacity": 0.0, "size": "NoData", "turbines": null, "dam_height": 0.0, "res_elev": null, "res_area_k": null, "res_capmil": null, "certainty": null, "status": "Planned", "china_ovrs": null, "cost_us_m": 0, "financier": null, "financier2": null, "financier3": null, "developer": null, "builder": null, "sionhydrob": null, "contractor": null, "operator": null, "risk_insr": null, "start_date": 0, "complet_da": "Unknown", "oper_date": null, "hist_notes": null, "trans_line": null, "approv_not": null, "mdb_risk_c": null, "mdb_loan_t": null, "mdb_status": null, "proj_desc": null, "resettl_ge": null, "resettl_pe": null, "resettl_ho": null, "local_name": null, "notes": null, "source": null, "cartodb_id": 147, "created_at": "2015-07-13", "updated_at": "2015-07-13" }, "geometry": { "type": "MultiPoint", "coordinates": [ [ 105.988037, 13.95907 ] ] } },
{ "type": "Feature", "properties": { "fid": "mekongdams.105", "date_updat": 0, "region": "Asia (SE)", "country": "Lao PDR", "prov_state": null, "project": "Nam Kong 2", "rivers": null, "basin": "Mekong", "latitude": 14.44988, "longitude": 106.802299, "purpose": "Hydropower", "numb_dams": null, "capacity": 74.0, "size": "Small", "turbines": null, "dam_height": 12.0, "res_elev": null, "res_area_k": null, "res_capmil": null, "certainty": null, "status": "Under Construction", "china_ovrs": null, "cost_us_m": 0, "financier": null, "financier2": null, "financier3": null, "developer": null, "builder": null, "sionhydrob": null, "contractor": null, "operator": null, "risk_insr": null, "start_date": 0, "complet_da": "2016", "oper_date": null, "hist_notes": null, "trans_line": null, "approv_not": null, "mdb_risk_c": null, "mdb_loan_t": null, "mdb_status": null, "proj_desc": null, "resettl_ge": null, "resettl_pe": null, "resettl_ho": null, "local_name": null, "notes": null, "source": null, "cartodb_id": 148, "created_at": "2015-07-13", "updated_at": "2015-07-13" }, "geometry": { "type": "MultiPoint", "coordinates": [ [ 106.802299, 14.44988 ] ] } },
{ "type": "Feature", "properties": { "fid": "mekongdams.114", "date_updat": 0, "region": "Asia (SE)", "country": "Lao PDR", "prov_state": null, "project": "Nam Kong 3", "rivers": null, "basin": "Mekong", "latitude": 14.52753, "longitude": 106.87677, "purpose": "Hydropower", "numb_dams": null, "capacity": 45.0, "size": "NoData", "turbines": null, "dam_height": 0.0, "res_elev": null, "res_area_k": null, "res_capmil": null, "certainty": null, "status": "Under Construction", "china_ovrs": null, "cost_us_m": 0, "financier": null, "financier2": null, "financier3": null, "developer": null, "builder": null, "sionhydrob": null, "contractor": null, "operator": null, "risk_insr": null, "start_date": 0, "complet_da": "2016", "oper_date": null, "hist_notes": null, "trans_line": null, "approv_not": null, "mdb_risk_c": null, "mdb_loan_t": null, "mdb_status": null, "proj_desc": null, "resettl_ge": null, "resettl_pe": null, "resettl_ho": null, "local_name": null, "notes": null, "source": null, "cartodb_id": 149, "created_at": "2015-07-13", "updated_at": "2015-07-13" }, "geometry": { "type": "MultiPoint", "coordinates": [ [ 106.876770000000107, 14.52753 ] ] } },
{ "type": "Feature", "properties": { "fid": "mekongdams.116", "date_updat": 0, "region": "Asia (SE)", "country": "Lao PDR", "prov_state": null, "project": "Nam Kong 1", "rivers": null, "basin": "Mekong", "latitude": 14.54278, "longitude": 106.746193, "purpose": "Hydropower", "numb_dams": null, "capacity": 75.0, "size": "Large", "turbines": null, "dam_height": 93.7, "res_elev": null, "res_area_k": null, "res_capmil": null, "certainty": null, "status": "Planned", "china_ovrs": null, "cost_us_m": 0, "financier": null, "financier2": null, "financier3": null, "developer": null, "builder": null, "sionhydrob": null, "contractor": null, "operator": null, "risk_insr": null, "start_date": 0, "complet_da": "2014", "oper_date": null, "hist_notes": null, "trans_line": null, "approv_not": null, "mdb_risk_c": null, "mdb_loan_t": null, "mdb_status": null, "proj_desc": null, "resettl_ge": null, "resettl_pe": null, "resettl_ho": null, "local_name": null, "notes": null, "source": null, "cartodb_id": 150, "created_at": "2015-07-13", "updated_at": "2015-07-13" }, "geometry": { "type": "MultiPoint", "coordinates": [ [ 106.746193, 14.54278 ] ] } },
{ "type": "Feature", "properties": { "fid": "mekongdams.84", "date_updat": 0, "region": "Asia (SE)", "country": "Thailand", "prov_state": null, "project": "Unknown", "rivers": null, "basin": "Mekong", "latitude": 14.02642, "longitude": 102.648857, "purpose": "Unknown", "numb_dams": null, "capacity": 0.0, "size": "NoData", "turbines": null, "dam_height": 0.0, "res_elev": null, "res_area_k": null, "res_capmil": null, "certainty": null, "status": "Unknown", "china_ovrs": null, "cost_us_m": 0, "financier": null, "financier2": null, "financier3": null, "developer": null, "builder": null, "sionhydrob": null, "contractor": null, "operator": null, "risk_insr": null, "start_date": 0, "complet_da": "Unknown", "oper_date": null, "hist_notes": null, "trans_line": null, "approv_not": null, "mdb_risk_c": null, "mdb_loan_t": null, "mdb_status": null, "proj_desc": null, "resettl_ge": null, "resettl_pe": null, "resettl_ho": null, "local_name": null, "notes": null, "source": null, "cartodb_id": 263, "created_at": "2015-07-13", "updated_at": "2015-07-13" }, "geometry": { "type": "MultiPoint", "coordinates": [ [ 102.648857000000106, 14.02642 ] ] } },
{ "type": "Feature", "properties": { "fid": "mekongdams.95", "date_updat": 0, "region": "Asia (SE)", "country": "Thailand", "prov_state": null, "project": "Unknown", "rivers": null, "basin": "Mekong", "latitude": 14.30463, "longitude": 102.435661, "purpose": "Unknown", "numb_dams": null, "capacity": 0.0, "size": "NoData", "turbines": null, "dam_height": 0.0, "res_elev": null, "res_area_k": null, "res_capmil": null, "certainty": null, "status": "Unknown", "china_ovrs": null, "cost_us_m": 0, "financier": null, "financier2": null, "financier3": null, "developer": null, "builder": null, "sionhydrob": null, "contractor": null, "operator": null, "risk_insr": null, "start_date": 0, "complet_da": "Unknown", "oper_date": null, "hist_notes": null, "trans_line": null, "approv_not": null, "mdb_risk_c": null, "mdb_loan_t": null, "mdb_status": null, "proj_desc": null, "resettl_ge": null, "resettl_pe": null, "resettl_ho": null, "local_name": null, "notes": null, "source": null, "cartodb_id": 264, "created_at": "2015-07-13", "updated_at": "2015-07-13" }, "geometry": { "type": "MultiPoint", "coordinates": [ [ 102.435661, 14.30463 ] ] } },
{ "type": "Feature", "properties": { "fid": "mekongdams.100", "date_updat": 0, "region": "Asia (SE)", "country": "Thailand", "prov_state": null, "project": "Unknown", "rivers": null, "basin": "Mekong", "latitude": 14.41255, "longitude": 105.140549, "purpose": "Unknown", "numb_dams": null, "capacity": 0.0, "size": "NoData", "turbines": null, "dam_height": 0.0, "res_elev": null, "res_area_k": null, "res_capmil": null, "certainty": null, "status": "Unknown", "china_ovrs": null, "cost_us_m": 0, "financier": null, "financier2": null, "financier3": null, "developer": null, "builder": null, "sionhydrob": null, "contractor": null, "operator": null, "risk_insr": null, "start_date": 0, "complet_da": "Unknown", "oper_date": null, "hist_notes": null, "trans_line": null, "approv_not": null, "mdb_risk_c": null, "mdb_loan_t": null, "mdb_status": null, "proj_desc": null, "resettl_ge": null, "resettl_pe": null, "resettl_ho": null, "local_name": null, "notes": null, "source": null, "cartodb_id": 266, "created_at": "2015-07-13", "updated_at": "2015-07-13" }, "geometry": { "type": "MultiPoint", "coordinates": [ [ 105.140549000000107, 14.41255 ] ] } },
{ "type": "Feature", "properties": { "fid": "mekongdams.102", "date_updat": 0, "region": "Asia (SE)", "country": "Thailand", "prov_state": null, "project": "Unknown", "rivers": null, "basin": "Mekong", "latitude": 14.42586, "longitude": 105.195534, "purpose": "Unknown", "numb_dams": null, "capacity": 0.0, "size": "NoData", "turbines": null, "dam_height": 0.0, "res_elev": null, "res_area_k": null, "res_capmil": null, "certainty": null, "status": "Unknown", "china_ovrs": null, "cost_us_m": 0, "financier": null, "financier2": null, "financier3": null, "developer": null, "builder": null, "sionhydrob": null, "contractor": null, "operator": null, "risk_insr": null, "start_date": 0, "complet_da": "Unknown", "oper_date": null, "hist_notes": null, "trans_line": null, "approv_not": null, "mdb_risk_c": null, "mdb_loan_t": null, "mdb_status": null, "proj_desc": null, "resettl_ge": null, "resettl_pe": null, "resettl_ho": null, "local_name": null, "notes": null, "source": null, "cartodb_id": 268, "created_at": "2015-07-13", "updated_at": "2015-07-13" }, "geometry": { "type": "MultiPoint", "coordinates": [ [ 105.195534, 14.42586 ] ] } },
{ "type": "Feature", "properties": { "fid": "mekongdams.103", "date_updat": 0, "region": "Asia (SE)", "country": "Thailand", "prov_state": null, "project": "Unknown", "rivers": null, "basin": "Mekong", "latitude": 14.42717, "longitude": 105.207031, "purpose": "Unknown", "numb_dams": null, "capacity": 0.0, "size": "NoData", "turbines": null, "dam_height": 0.0, "res_elev": null, "res_area_k": null, "res_capmil": null, "certainty": null, "status": "Unknown", "china_ovrs": null, "cost_us_m": 0, "financier": null, "financier2": null, "financier3": null, "developer": null, "builder": null, "sionhydrob": null, "contractor": null, "operator": null, "risk_insr": null, "start_date": 0, "complet_da": "Unknown", "oper_date": null, "hist_notes": null, "trans_line": null, "approv_not": null, "mdb_risk_c": null, "mdb_loan_t": null, "mdb_status": null, "proj_desc": null, "resettl_ge": null, "resettl_pe": null, "resettl_ho": null, "local_name": null, "notes": null, "source": null, "cartodb_id": 269, "created_at": "2015-07-13", "updated_at": "2015-07-13" }, "geometry": { "type": "MultiPoint", "coordinates": [ [ 105.207031000000114, 14.42717 ] ] } },
{ "type": "Feature", "properties": { "fid": "mekongdams.106", "date_updat": 0, "region": "Asia (SE)", "country": "Thailand", "prov_state": null, "project": "Unknown", "rivers": null, "basin": "Mekong", "latitude": 14.45007, "longitude": 105.052559, "purpose": "Unknown", "numb_dams": null, "capacity": 0.0, "size": "NoData", "turbines": null, "dam_height": 0.0, "res_elev": null, "res_area_k": null, "res_capmil": null, "certainty": null, "status": "Unknown", "china_ovrs": null, "cost_us_m": 0, "financier": null, "financier2": null, "financier3": null, "developer": null, "builder": null, "sionhydrob": null, "contractor": null, "operator": null, "risk_insr": null, "start_date": 0, "complet_da": "Unknown", "oper_date": null, "hist_notes": null, "trans_line": null, "approv_not": null, "mdb_risk_c": null, "mdb_loan_t": null, "mdb_status": null, "proj_desc": null, "resettl_ge": null, "resettl_pe": null, "resettl_ho": null, "local_name": null, "notes": null, "source": null, "cartodb_id": 270, "created_at": "2015-07-13", "updated_at": "2015-07-13" }, "geometry": { "type": "MultiPoint", "coordinates": [ [ 105.052559, 14.45007 ] ] } },
{ "type": "Feature", "properties": { "fid": "mekongdams.110", "date_updat": 0, "region": "Asia (SE)", "country": "Thailand", "prov_state": null, "project": "Unknown", "rivers": null, "basin": "Mekong", "latitude": 14.49359, "longitude": 104.573669, "purpose": "Unknown", "numb_dams": null, "capacity": 0.0, "size": "NoData", "turbines": null, "dam_height": 0.0, "res_elev": null, "res_area_k": null, "res_capmil": null, "certainty": null, "status": "Unknown", "china_ovrs": null, "cost_us_m": 0, "financier": null, "financier2": null, "financier3": null, "developer": null, "builder": null, "sionhydrob": null, "contractor": null, "operator": null, "risk_insr": null, "start_date": 0, "complet_da": "Unknown", "oper_date": null, "hist_notes": null, "trans_line": null, "approv_not": null, "mdb_risk_c": null, "mdb_loan_t": null, "mdb_status": null, "proj_desc": null, "resettl_ge": null, "resettl_pe": null, "resettl_ho": null, "local_name": null, "notes": null, "source": null, "cartodb_id": 272, "created_at": "2015-07-13", "updated_at": "2015-07-13" }, "geometry": { "type": "MultiPoint", "coordinates": [ [ 104.573669, 14.49359 ] ] } },
{ "type": "Feature", "properties": { "fid": "mekongdams.113", "date_updat": 0, "region": "Asia (SE)", "country": "Thailand", "prov_state": null, "project": "Unknown", "rivers": null, "basin": "Mekong", "latitude": 14.52727, "longitude": 104.145103, "purpose": "Unknown", "numb_dams": null, "capacity": 0.0, "size": "NoData", "turbines": null, "dam_height": 0.0, "res_elev": null, "res_area_k": null, "res_capmil": null, "certainty": null, "status": "Unknown", "china_ovrs": null, "cost_us_m": 0, "financier": null, "financier2": null, "financier3": null, "developer": null, "builder": null, "sionhydrob": null, "contractor": null, "operator": null, "risk_insr": null, "start_date": 0, "complet_da": "Unknown", "oper_date": null, "hist_notes": null, "trans_line": null, "approv_not": null, "mdb_risk_c": null, "mdb_loan_t": null, "mdb_status": null, "proj_desc": null, "resettl_ge": null, "resettl_pe": null, "resettl_ho": null, "local_name": null, "notes": null, "source": null, "cartodb_id": 273, "created_at": "2015-07-13", "updated_at": "2015-07-13" }, "geometry": { "type": "MultiPoint", "coordinates": [ [ 104.145103, 14.52727 ] ] } },
{ "type": "Feature", "properties": { "fid": "mekongdams.119", "date_updat": 0, "region": "Asia (SE)", "country": "Thailand", "prov_state": null, "project": "Unknown", "rivers": null, "basin": "Mekong", "latitude": 14.57809, "longitude": 105.277153, "purpose": "Unknown", "numb_dams": null, "capacity": 0.0, "size": "NoData", "turbines": null, "dam_height": 0.0, "res_elev": null, "res_area_k": null, "res_capmil": null, "certainty": null, "status": "Unknown", "china_ovrs": null, "cost_us_m": 0, "financier": null, "financier2": null, "financier3": null, "developer": null, "builder": null, "sionhydrob": null, "contractor": null, "operator": null, "risk_insr": null, "start_date": 0, "complet_da": "Unknown", "oper_date": null, "hist_notes": null, "trans_line": null, "approv_not": null, "mdb_risk_c": null, "mdb_loan_t": null, "mdb_status": null, "proj_desc": null, "resettl_ge": null, "resettl_pe": null, "resettl_ho": null, "local_name": null, "notes": null, "source": null, "cartodb_id": 274, "created_at": "2015-07-13", "updated_at": "2015-07-13" }, "geometry": { "type": "MultiPoint", "coordinates": [ [ 105.277153, 14.57809 ] ] } },
{ "type": "Feature", "properties": { "fid": "mekongdams.120", "date_updat": 0, "region": "Asia (SE)", "country": "Thailand", "prov_state": null, "project": "Unknown", "rivers": null, "basin": "Mekong", "latitude": 14.57973, "longitude": 104.668671, "purpose": "Unknown", "numb_dams": null, "capacity": 0.0, "size": "NoData", "turbines": null, "dam_height": 0.0, "res_elev": null, "res_area_k": null, "res_capmil": null, "certainty": null, "status": "Unknown", "china_ovrs": null, "cost_us_m": 0, "financier": null, "financier2": null, "financier3": null, "developer": null, "builder": null, "sionhydrob": null, "contractor": null, "operator": null, "risk_insr": null, "start_date": 0, "complet_da": "Unknown", "oper_date": null, "hist_notes": null, "trans_line": null, "approv_not": null, "mdb_risk_c": null, "mdb_loan_t": null, "mdb_status": null, "proj_desc": null, "resettl_ge": null, "resettl_pe": null, "resettl_ho": null, "local_name": null, "notes": null, "source": null, "cartodb_id": 275, "created_at": "2015-07-13", "updated_at": "2015-07-13" }, "geometry": { "type": "MultiPoint", "coordinates": [ [ 104.668671000000103, 14.57973 ] ] } },
{ "type": "Feature", "properties": { "fid": "mekongdams.124", "date_updat": 0, "region": "Asia (SE)", "country": "Thailand", "prov_state": null, "project": "Unknown", "rivers": null, "basin": "Mekong", "latitude": 14.61364, "longitude": 104.804443, "purpose": "Unknown", "numb_dams": null, "capacity": 0.0, "size": "NoData", "turbines": null, "dam_height": 0.0, "res_elev": null, "res_area_k": null, "res_capmil": null, "certainty": null, "status": "Unknown", "china_ovrs": null, "cost_us_m": 0, "financier": null, "financier2": null, "financier3": null, "developer": null, "builder": null, "sionhydrob": null, "contractor": null, "operator": null, "risk_insr": null, "start_date": 0, "complet_da": "Unknown", "oper_date": null, "hist_notes": null, "trans_line": null, "approv_not": null, "mdb_risk_c": null, "mdb_loan_t": null, "mdb_status": null, "proj_desc": null, "resettl_ge": null, "resettl_pe": null, "resettl_ho": null, "local_name": null, "notes": null, "source": null, "cartodb_id": 276, "created_at": "2015-07-13", "updated_at": "2015-07-13" }, "geometry": { "type": "MultiPoint", "coordinates": [ [ 104.804443000000134, 14.61364 ] ] } },
{ "type": "Feature", "properties": { "fid": "mekongdams.126", "date_updat": 0, "region": "Asia (SE)", "country": "Thailand", "prov_state": null, "project": "Unknown", "rivers": null, "basin": "Mekong", "latitude": 14.63873, "longitude": 103.084679, "purpose": "Unknown", "numb_dams": null, "capacity": 0.0, "size": "NoData", "turbines": null, "dam_height": 0.0, "res_elev": null, "res_area_k": null, "res_capmil": null, "certainty": null, "status": "Unknown", "china_ovrs": null, "cost_us_m": 0, "financier": null, "financier2": null, "financier3": null, "developer": null, "builder": null, "sionhydrob": null, "contractor": null, "operator": null, "risk_insr": null, "start_date": 0, "complet_da": "Unknown", "oper_date": null, "hist_notes": null, "trans_line": null, "approv_not": null, "mdb_risk_c": null, "mdb_loan_t": null, "mdb_status": null, "proj_desc": null, "resettl_ge": null, "resettl_pe": null, "resettl_ho": null, "local_name": null, "notes": null, "source": null, "cartodb_id": 277, "created_at": "2015-07-13", "updated_at": "2015-07-13" }, "geometry": { "type": "MultiPoint", "coordinates": [ [ 103.084679000000136, 14.63873 ] ] } },
{ "type": "Feature", "properties": { "fid": "mekongdams.127", "date_updat": 0, "region": "Asia (SE)", "country": "Thailand", "prov_state": null, "project": "Unknown", "rivers": null, "basin": "Mekong", "latitude": 14.64587, "longitude": 104.680702, "purpose": "Unknown", "numb_dams": null, "capacity": 0.0, "size": "NoData", "turbines": null, "dam_height": 0.0, "res_elev": null, "res_area_k": null, "res_capmil": null, "certainty": null, "status": "Unknown", "china_ovrs": null, "cost_us_m": 0, "financier": null, "financier2": null, "financier3": null, "developer": null, "builder": null, "sionhydrob": null, "contractor": null, "operator": null, "risk_insr": null, "start_date": 0, "complet_da": "Unknown", "oper_date": null, "hist_notes": null, "trans_line": null, "approv_not": null, "mdb_risk_c": null, "mdb_loan_t": null, "mdb_status": null, "proj_desc": null, "resettl_ge": null, "resettl_pe": null, "resettl_ho": null, "local_name": null, "notes": null, "source": null, "cartodb_id": 278, "created_at": "2015-07-13", "updated_at": "2015-07-13" }, "geometry": { "type": "MultiPoint", "coordinates": [ [ 104.680702, 14.64587 ] ] } },
{ "type": "Feature", "properties": { "fid": "mekongdams.128", "date_updat": 0, "region": "Asia (SE)", "country": "Thailand", "prov_state": null, "project": "Unknown", "rivers": null, "basin": "Mekong", "latitude": 14.64671, "longitude": 105.441849, "purpose": "Unknown", "numb_dams": null, "capacity": 0.0, "size": "NoData", "turbines": null, "dam_height": 0.0, "res_elev": null, "res_area_k": null, "res_capmil": null, "certainty": null, "status": "Unknown", "china_ovrs": null, "cost_us_m": 0, "financier": null, "financier2": null, "financier3": null, "developer": null, "builder": null, "sionhydrob": null, "contractor": null, "operator": null, "risk_insr": null, "start_date": 0, "complet_da": "Unknown", "oper_date": null, "hist_notes": null, "trans_line": null, "approv_not": null, "mdb_risk_c": null, "mdb_loan_t": null, "mdb_status": null, "proj_desc": null, "resettl_ge": null, "resettl_pe": null, "resettl_ho": null, "local_name": null, "notes": null, "source": null, "cartodb_id": 279, "created_at": "2015-07-13", "updated_at": "2015-07-13" }, "geometry": { "type": "MultiPoint", "coordinates": [ [ 105.441849000000133, 14.64671 ] ] } },
{ "type": "Feature", "properties": { "fid": "mekongdams.129", "date_updat": 0, "region": "Asia (SE)", "country": "Thailand", "prov_state": null, "project": "Unknown", "rivers": null, "basin": "Mekong", "latitude": 14.66304, "longitude": 104.845169, "purpose": "Unknown", "numb_dams": null, "capacity": 0.0, "size": "NoData", "turbines": null, "dam_height": 0.0, "res_elev": null, "res_area_k": null, "res_capmil": null, "certainty": null, "status": "Unknown", "china_ovrs": null, "cost_us_m": 0, "financier": null, "financier2": null, "financier3": null, "developer": null, "builder": null, "sionhydrob": null, "contractor": null, "operator": null, "risk_insr": null, "start_date": 0, "complet_da": "Unknown", "oper_date": null, "hist_notes": null, "trans_line": null, "approv_not": null, "mdb_risk_c": null, "mdb_loan_t": null, "mdb_status": null, "proj_desc": null, "resettl_ge": null, "resettl_pe": null, "resettl_ho": null, "local_name": null, "notes": null, "source": null, "cartodb_id": 280, "created_at": "2015-07-13", "updated_at": "2015-07-13" }, "geometry": { "type": "MultiPoint", "coordinates": [ [ 104.845169, 14.66304 ] ] } },
{ "type": "Feature", "properties": { "fid": "mekongdams.130", "date_updat": 0, "region": "Asia (SE)", "country": "Thailand", "prov_state": null, "project": "Unknown", "rivers": null, "basin": "Mekong", "latitude": 14.67294, "longitude": 102.7855, "purpose": "Unknown", "numb_dams": null, "capacity": 0.0, "size": "NoData", "turbines": null, "dam_height": 0.0, "res_elev": null, "res_area_k": null, "res_capmil": null, "certainty": null, "status": "Unknown", "china_ovrs": null, "cost_us_m": 0, "financier": null, "financier2": null, "financier3": null, "developer": null, "builder": null, "sionhydrob": null, "contractor": null, "operator": null, "risk_insr": null, "start_date": 0, "complet_da": "Unknown", "oper_date": null, "hist_notes": null, "trans_line": null, "approv_not": null, "mdb_risk_c": null, "mdb_loan_t": null, "mdb_status": null, "proj_desc": null, "resettl_ge": null, "resettl_pe": null, "resettl_ho": null, "local_name": null, "notes": null, "source": null, "cartodb_id": 281, "created_at": "2015-07-13", "updated_at": "2015-07-13" }, "geometry": { "type": "MultiPoint", "coordinates": [ [ 102.7855, 14.67294 ] ] } },
{ "type": "Feature", "properties": { "fid": "mekongdams.132", "date_updat": 0, "region": "Asia (SE)", "country": "Thailand", "prov_state": null, "project": "Unknown", "rivers": null, "basin": "Mekong", "latitude": 14.68055, "longitude": 105.429443, "purpose": "Unknown", "numb_dams": null, "capacity": 0.0, "size": "NoData", "turbines": null, "dam_height": 0.0, "res_elev": null, "res_area_k": null, "res_capmil": null, "certainty": null, "status": "Unknown", "china_ovrs": null, "cost_us_m": 0, "financier": null, "financier2": null, "financier3": null, "developer": null, "builder": null, "sionhydrob": null, "contractor": null, "operator": null, "risk_insr": null, "start_date": 0, "complet_da": "Unknown", "oper_date": null, "hist_notes": null, "trans_line": null, "approv_not": null, "mdb_risk_c": null, "mdb_loan_t": null, "mdb_status": null, "proj_desc": null, "resettl_ge": null, "resettl_pe": null, "resettl_ho": null, "local_name": null, "notes": null, "source": null, "cartodb_id": 283, "created_at": "2015-07-13", "updated_at": "2015-07-13" }, "geometry": { "type": "MultiPoint", "coordinates": [ [ 105.429443, 14.68055 ] ] } },
{ "type": "Feature", "properties": { "fid": "mekongdams.19", "date_updat": 0, "region": "Asia (SE)", "country": "Vietnam", "prov_state": null, "project": "Unknown", "rivers": null, "basin": "Mekong", "latitude": 12.39816, "longitude": 107.614822, "purpose": "Unknown", "numb_dams": null, "capacity": 0.0, "size": "NoData", "turbines": null, "dam_height": 0.0, "res_elev": null, "res_area_k": null, "res_capmil": null, "certainty": null, "status": "Unknown", "china_ovrs": null, "cost_us_m": 0, "financier": null, "financier2": null, "financier3": null, "developer": null, "builder": null, "sionhydrob": null, "contractor": null, "operator": null, "risk_insr": null, "start_date": 0, "complet_da": "Unknown", "oper_date": null, "hist_notes": null, "trans_line": null, "approv_not": null, "mdb_risk_c": null, "mdb_loan_t": null, "mdb_status": null, "proj_desc": null, "resettl_ge": null, "resettl_pe": null, "resettl_ho": null, "local_name": null, "notes": null, "source": null, "cartodb_id": 365, "created_at": "2015-07-13", "updated_at": "2015-07-13" }, "geometry": { "type": "MultiPoint", "coordinates": [ [ 107.614822, 12.39816 ] ] } },
{ "type": "Feature", "properties": { "fid": "mekongdams.20", "date_updat": 0, "region": "Asia (SE)", "country": "Vietnam", "prov_state": null, "project": "Unknown", "rivers": null, "basin": "Mekong", "latitude": 12.3985, "longitude": 107.582443, "purpose": "Unknown", "numb_dams": null, "capacity": 0.0, "size": "NoData", "turbines": null, "dam_height": 0.0, "res_elev": null, "res_area_k": null, "res_capmil": null, "certainty": null, "status": "Unknown", "china_ovrs": null, "cost_us_m": 0, "financier": null, "financier2": null, "financier3": null, "developer": null, "builder": null, "sionhydrob": null, "contractor": null, "operator": null, "risk_insr": null, "start_date": 0, "complet_da": "Unknown", "oper_date": null, "hist_notes": null, "trans_line": null, "approv_not": null, "mdb_risk_c": null, "mdb_loan_t": null, "mdb_status": null, "proj_desc": null, "resettl_ge": null, "resettl_pe": null, "resettl_ho": null, "local_name": null, "notes": null, "source": null, "cartodb_id": 366, "created_at": "2015-07-13", "updated_at": "2015-07-13" }, "geometry": { "type": "MultiPoint", "coordinates": [ [ 107.582443, 12.3985 ] ] } },
{ "type": "Feature", "properties": { "fid": "mekongdams.23", "date_updat": 0, "region": "Asia (SE)", "country": "Vietnam", "prov_state": null, "project": "Unknown", "rivers": null, "basin": "Mekong", "latitude": 12.41767, "longitude": 107.563049, "purpose": "Unknown", "numb_dams": null, "capacity": 0.0, "size": "NoData", "turbines": null, "dam_height": 0.0, "res_elev": null, "res_area_k": null, "res_capmil": null, "certainty": null, "status": "Unknown", "china_ovrs": null, "cost_us_m": 0, "financier": null, "financier2": null, "financier3": null, "developer": null, "builder": null, "sionhydrob": null, "contractor": null, "operator": null, "risk_insr": null, "start_date": 0, "complet_da": "Unknown", "oper_date": null, "hist_notes": null, "trans_line": null, "approv_not": null, "mdb_risk_c": null, "mdb_loan_t": null, "mdb_status": null, "proj_desc": null, "resettl_ge": null, "resettl_pe": null, "resettl_ho": null, "local_name": null, "notes": null, "source": null, "cartodb_id": 369, "created_at": "2015-07-13", "updated_at": "2015-07-13" }, "geometry": { "type": "MultiPoint", "coordinates": [ [ 107.563049, 12.41767 ] ] } },
{ "type": "Feature", "properties": { "fid": "mekongdams.24", "date_updat": 0, "region": "Asia (SE)", "country": "Vietnam", "prov_state": null, "project": "Unknown", "rivers": null, "basin": "Mekong", "latitude": 12.43114, "longitude": 107.574692, "purpose": "Unknown", "numb_dams": null, "capacity": 0.0, "size": "NoData", "turbines": null, "dam_height": 0.0, "res_elev": null, "res_area_k": null, "res_capmil": null, "certainty": null, "status": "Unknown", "china_ovrs": null, "cost_us_m": 0, "financier": null, "financier2": null, "financier3": null, "developer": null, "builder": null, "sionhydrob": null, "contractor": null, "operator": null, "risk_insr": null, "start_date": 0, "complet_da": "Unknown", "oper_date": null, "hist_notes": null, "trans_line": null, "approv_not": null, "mdb_risk_c": null, "mdb_loan_t": null, "mdb_status": null, "proj_desc": null, "resettl_ge": null, "resettl_pe": null, "resettl_ho": null, "local_name": null, "notes": null, "source": null, "cartodb_id": 370, "created_at": "2015-07-13", "updated_at": "2015-07-13" }, "geometry": { "type": "MultiPoint", "coordinates": [ [ 107.574692, 12.43114 ] ] } },
{ "type": "Feature", "properties": { "fid": "mekongdams.25", "date_updat": 0, "region": "Asia (SE)", "country": "Vietnam", "prov_state": null, "project": "Unknown", "rivers": null, "basin": "Mekong", "latitude": 12.43232, "longitude": 107.594879, "purpose": "Unknown", "numb_dams": null, "capacity": 0.0, "size": "NoData", "turbines": null, "dam_height": 0.0, "res_elev": null, "res_area_k": null, "res_capmil": null, "certainty": null, "status": "Unknown", "china_ovrs": null, "cost_us_m": 0, "financier": null, "financier2": null, "financier3": null, "developer": null, "builder": null, "sionhydrob": null, "contractor": null, "operator": null, "risk_insr": null, "start_date": 0, "complet_da": "Unknown", "oper_date": null, "hist_notes": null, "trans_line": null, "approv_not": null, "mdb_risk_c": null, "mdb_loan_t": null, "mdb_status": null, "proj_desc": null, "resettl_ge": null, "resettl_pe": null, "resettl_ho": null, "local_name": null, "notes": null, "source": null, "cartodb_id": 371, "created_at": "2015-07-13", "updated_at": "2015-07-13" }, "geometry": { "type": "MultiPoint", "coordinates": [ [ 107.594879, 12.43232 ] ] } },
{ "type": "Feature", "properties": { "fid": "mekongdams.27", "date_updat": 0, "region": "Asia (SE)", "country": "Vietnam", "prov_state": null, "project": "Unknown", "rivers": null, "basin": "Mekong", "latitude": 12.44276, "longitude": 107.586609, "purpose": "Unknown", "numb_dams": null, "capacity": 0.0, "size": "NoData", "turbines": null, "dam_height": 0.0, "res_elev": null, "res_area_k": null, "res_capmil": null, "certainty": null, "status": "Unknown", "china_ovrs": null, "cost_us_m": 0, "financier": null, "financier2": null, "financier3": null, "developer": null, "builder": null, "sionhydrob": null, "contractor": null, "operator": null, "risk_insr": null, "start_date": 0, "complet_da": "Unknown", "oper_date": null, "hist_notes": null, "trans_line": null, "approv_not": null, "mdb_risk_c": null, "mdb_loan_t": null, "mdb_status": null, "proj_desc": null, "resettl_ge": null, "resettl_pe": null, "resettl_ho": null, "local_name": null, "notes": null, "source": null, "cartodb_id": 372, "created_at": "2015-07-13", "updated_at": "2015-07-13" }, "geometry": { "type": "MultiPoint", "coordinates": [ [ 107.586609, 12.44276 ] ] } },
{ "type": "Feature", "properties": { "fid": "mekongdams.28", "date_updat": 0, "region": "Asia (SE)", "country": "Vietnam", "prov_state": null, "project": "Unknown", "rivers": null, "basin": "Mekong", "latitude": 12.4444, "longitude": 107.620033, "purpose": "Unknown", "numb_dams": null, "capacity": 0.0, "size": "NoData", "turbines": null, "dam_height": 0.0, "res_elev": null, "res_area_k": null, "res_capmil": null, "certainty": null, "status": "Unknown", "china_ovrs": null, "cost_us_m": 0, "financier": null, "financier2": null, "financier3": null, "developer": null, "builder": null, "sionhydrob": null, "contractor": null, "operator": null, "risk_insr": null, "start_date": 0, "complet_da": "Unknown", "oper_date": null, "hist_notes": null, "trans_line": null, "approv_not": null, "mdb_risk_c": null, "mdb_loan_t": null, "mdb_status": null, "proj_desc": null, "resettl_ge": null, "resettl_pe": null, "resettl_ho": null, "local_name": null, "notes": null, "source": null, "cartodb_id": 373, "created_at": "2015-07-13", "updated_at": "2015-07-13" }, "geometry": { "type": "MultiPoint", "coordinates": [ [ 107.62003300000012, 12.4444 ] ] } },
{ "type": "Feature", "properties": { "fid": "mekongdams.44", "date_updat": 0, "region": "Asia (SE)", "country": "Vietnam", "prov_state": null, "project": "Unknown", "rivers": null, "basin": "Mekong", "latitude": 12.58581, "longitude": 105.149101, "purpose": "Unknown", "numb_dams": null, "capacity": 0.0, "size": "NoData", "turbines": null, "dam_height": 0.0, "res_elev": null, "res_area_k": null, "res_capmil": null, "certainty": null, "status": "Unknown", "china_ovrs": null, "cost_us_m": 0, "financier": null, "financier2": null, "financier3": null, "developer": null, "builder": null, "sionhydrob": null, "contractor": null, "operator": null, "risk_insr": null, "start_date": 0, "complet_da": "Unknown", "oper_date": null, "hist_notes": null, "trans_line": null, "approv_not": null, "mdb_risk_c": null, "mdb_loan_t": null, "mdb_status": null, "proj_desc": null, "resettl_ge": null, "resettl_pe": null, "resettl_ho": null, "local_name": null, "notes": null, "source": null, "cartodb_id": 389, "created_at": "2015-07-13", "updated_at": "2015-07-13" }, "geometry": { "type": "MultiPoint", "coordinates": [ [ 105.149101, 12.58581 ] ] } },
{ "type": "Feature", "properties": { "fid": "mekongdams.46", "date_updat": 0, "region": "Asia (SE)", "country": "Vietnam", "prov_state": null, "project": "Unknown", "rivers": null, "basin": "Mekong", "latitude": 12.635, "longitude": 107.234818, "purpose": "Unknown", "numb_dams": null, "capacity": 0.0, "size": "NoData", "turbines": null, "dam_height": 0.0, "res_elev": null, "res_area_k": null, "res_capmil": null, "certainty": null, "status": "Unknown", "china_ovrs": null, "cost_us_m": 0, "financier": null, "financier2": null, "financier3": null, "developer": null, "builder": null, "sionhydrob": null, "contractor": null, "operator": null, "risk_insr": null, "start_date": 0, "complet_da": "Unknown", "oper_date": null, "hist_notes": null, "trans_line": null, "approv_not": null, "mdb_risk_c": null, "mdb_loan_t": null, "mdb_status": null, "proj_desc": null, "resettl_ge": null, "resettl_pe": null, "resettl_ho": null, "local_name": null, "notes": null, "source": null, "cartodb_id": 391, "created_at": "2015-07-13", "updated_at": "2015-07-13" }, "geometry": { "type": "MultiPoint", "coordinates": [ [ 107.234818000000104, 12.635 ] ] } },
{ "type": "Feature", "properties": { "fid": "mekongdams.80", "date_updat": 0, "region": "Asia (SE)", "country": "Vietnam", "prov_state": null, "project": "Sesan 4A", "rivers": null, "basin": "Mekong", "latitude": 13.93245, "longitude": 107.466881, "purpose": "Hydropower", "numb_dams": null, "capacity": 0.0, "size": "Large", "turbines": null, "dam_height": 31.5, "res_elev": null, "res_area_k": null, "res_capmil": null, "certainty": null, "status": "Operational", "china_ovrs": null, "cost_us_m": 0, "financier": null, "financier2": null, "financier3": null, "developer": null, "builder": null, "sionhydrob": null, "contractor": null, "operator": null, "risk_insr": null, "start_date": 0, "complet_da": "2008", "oper_date": null, "hist_notes": null, "trans_line": null, "approv_not": null, "mdb_risk_c": null, "mdb_loan_t": null, "mdb_status": null, "proj_desc": null, "resettl_ge": null, "resettl_pe": null, "resettl_ho": null, "local_name": null, "notes": null, "source": null, "cartodb_id": 415, "created_at": "2015-07-13", "updated_at": "2015-07-13" }, "geometry": { "type": "MultiPoint", "coordinates": [ [ 107.466881, 13.93245 ] ] } },
{ "type": "Feature", "properties": { "fid": "mekongdams.83", "date_updat": 0, "region": "Asia (SE)", "country": "Vietnam", "prov_state": null, "project": "Sesan 4", "rivers": null, "basin": "Mekong", "latitude": 13.96776, "longitude": 107.495743, "purpose": "Hydropower", "numb_dams": null, "capacity": 360.0, "size": "Large", "turbines": null, "dam_height": 74.0, "res_elev": null, "res_area_k": null, "res_capmil": null, "certainty": null, "status": "Operational", "china_ovrs": null, "cost_us_m": 0, "financier": null, "financier2": null, "financier3": null, "developer": null, "builder": null, "sionhydrob": null, "contractor": null, "operator": null, "risk_insr": null, "start_date": 0, "complet_da": "2009", "oper_date": null, "hist_notes": null, "trans_line": null, "approv_not": null, "mdb_risk_c": null, "mdb_loan_t": null, "mdb_status": null, "proj_desc": null, "resettl_ge": null, "resettl_pe": null, "resettl_ho": null, "local_name": null, "notes": null, "source": null, "cartodb_id": 416, "created_at": "2015-07-13", "updated_at": "2015-07-13" }, "geometry": { "type": "MultiPoint", "coordinates": [ [ 107.495743, 13.96776 ] ] } },
{ "type": "Feature", "properties": { "fid": "mekongdams.313", "date_updat": 0, "region": "Asia (SE)", "country": "Lao PDR", "prov_state": null, "project": "Nam Ko", "rivers": null, "basin": "Mekong", "latitude": 20.78441, "longitude": 102.112869, "purpose": "Hydropower", "numb_dams": null, "capacity": 1.5, "size": "Large", "turbines": null, "dam_height": 21.0, "res_elev": null, "res_area_k": null, "res_capmil": null, "certainty": null, "status": "Operational", "china_ovrs": null, "cost_us_m": 0, "financier": null, "financier2": null, "financier3": null, "developer": null, "builder": null, "sionhydrob": null, "contractor": null, "operator": null, "risk_insr": null, "start_date": 0, "complet_da": "1996", "oper_date": null, "hist_notes": null, "trans_line": null, "approv_not": null, "mdb_risk_c": null, "mdb_loan_t": null, "mdb_status": null, "proj_desc": null, "resettl_ge": null, "resettl_pe": null, "resettl_ho": null, "local_name": null, "notes": null, "source": null, "cartodb_id": 255, "created_at": "2015-07-13", "updated_at": "2015-07-13" }, "geometry": { "type": "MultiPoint", "coordinates": [ [ 102.112869, 20.78441 ] ] } },
{ "type": "Feature", "properties": { "fid": "mekongdams.161", "date_updat": 0, "region": "Asia (SE)", "country": "Cambodia", "prov_state": "Tonle Sre Pok", "project": "Lower Sre Pok 2", "rivers": "Sre Pok River", "basin": "Mekong", "latitude": 15.206339, "longitude": 105.429156, "purpose": null, "numb_dams": null, "capacity": 222.0, "size": null, "turbines": null, "dam_height": 0.0, "res_elev": null, "res_area_k": null, "res_capmil": null, "certainty": null, "status": "Under Construction", "china_ovrs": null, "cost_us_m": 0, "financier": null, "financier2": null, "financier3": null, "developer": "Electricity Generating Authority of Thailand (EGAT)", "builder": null, "sionhydrob": null, "contractor": null, "operator": null, "risk_insr": null, "start_date": 0, "complet_da": "expected 2018", "oper_date": null, "hist_notes": null, "trans_line": null, "approv_not": null, "mdb_risk_c": null, "mdb_loan_t": null, "mdb_status": null, "proj_desc": null, "resettl_ge": null, "resettl_pe": null, "resettl_ho": null, "local_name": null, "notes": null, "source": null, "cartodb_id": 145, "created_at": "2015-07-13", "updated_at": "2015-07-13" }, "geometry": { "type": "MultiPoint", "coordinates": [ [ 105.429156, 15.206339 ] ] } },
{ "type": "Feature", "properties": { "fid": "mekongdams.133", "date_updat": 0, "region": "Asia (SE)", "country": "Lao PDR", "prov_state": null, "project": "Xe Xou", "rivers": null, "basin": "Mekong", "latitude": 14.70851, "longitude": 107.176598, "purpose": "Hydropower", "numb_dams": null, "capacity": 23.0, "size": "Large", "turbines": null, "dam_height": 55.0, "res_elev": null, "res_area_k": null, "res_capmil": null, "certainty": null, "status": "Under Construction", "china_ovrs": null, "cost_us_m": 0, "financier": null, "financier2": null, "financier3": null, "developer": null, "builder": null, "sionhydrob": null, "contractor": null, "operator": null, "risk_insr": null, "start_date": 0, "complet_da": "2015", "oper_date": null, "hist_notes": null, "trans_line": null, "approv_not": null, "mdb_risk_c": null, "mdb_loan_t": null, "mdb_status": null, "proj_desc": null, "resettl_ge": null, "resettl_pe": null, "resettl_ho": null, "local_name": null, "notes": null, "source": null, "cartodb_id": 151, "created_at": "2015-07-13", "updated_at": "2015-07-13" }, "geometry": { "type": "MultiPoint", "coordinates": [ [ 107.176598, 14.70851 ] ] } },
{ "type": "Feature", "properties": { "fid": "mekongdams.145", "date_updat": 0, "region": "Asia (SE)", "country": "Lao PDR", "prov_state": null, "project": "Xekaman-Sanxay", "rivers": null, "basin": "Mekong", "latitude": 14.89082, "longitude": 107.119453, "purpose": "Hydropower", "numb_dams": null, "capacity": 54.0, "size": "Small", "turbines": null, "dam_height": 12.0, "res_elev": null, "res_area_k": null, "res_capmil": null, "certainty": null, "status": "Planned", "china_ovrs": null, "cost_us_m": 0, "financier": null, "financier2": null, "financier3": null, "developer": null, "builder": null, "sionhydrob": null, "contractor": null, "operator": null, "risk_insr": null, "start_date": 0, "complet_da": "2021", "oper_date": null, "hist_notes": null, "trans_line": null, "approv_not": null, "mdb_risk_c": null, "mdb_loan_t": null, "mdb_status": null, "proj_desc": null, "resettl_ge": null, "resettl_pe": null, "resettl_ho": null, "local_name": null, "notes": null, "source": null, "cartodb_id": 152, "created_at": "2015-07-13", "updated_at": "2015-07-13" }, "geometry": { "type": "MultiPoint", "coordinates": [ [ 107.119453000000107, 14.89082 ] ] } },
{ "type": "Feature", "properties": { "fid": "mekongdams.147", "date_updat": 0, "region": "Asia (SE)", "country": "Lao PDR", "prov_state": null, "project": "Xe Kaman 1", "rivers": null, "basin": "Mekong", "latitude": 14.96077, "longitude": 107.152931, "purpose": "Hydropower", "numb_dams": null, "capacity": 290.0, "size": "Large", "turbines": null, "dam_height": 120.0, "res_elev": null, "res_area_k": null, "res_capmil": null, "certainty": null, "status": "Under Construction", "china_ovrs": null, "cost_us_m": 0, "financier": null, "financier2": null, "financier3": null, "developer": null, "builder": null, "sionhydrob": null, "contractor": null, "operator": null, "risk_insr": null, "start_date": 0, "complet_da": "2014", "oper_date": null, "hist_notes": null, "trans_line": null, "approv_not": null, "mdb_risk_c": null, "mdb_loan_t": null, "mdb_status": null, "proj_desc": null, "resettl_ge": null, "resettl_pe": null, "resettl_ho": null, "local_name": null, "notes": null, "source": null, "cartodb_id": 153, "created_at": "2015-07-13", "updated_at": "2015-07-13" }, "geometry": { "type": "MultiPoint", "coordinates": [ [ 107.152931, 14.96077 ] ] } },
{ "type": "Feature", "properties": { "fid": "mekongdams.148", "date_updat": 0, "region": "Asia (SE)", "country": "Lao PDR", "prov_state": null, "project": "Xepian-Xenamnoy", "rivers": null, "basin": "Mekong", "latitude": 15.02644, "longitude": 106.604698, "purpose": "Hydropower", "numb_dams": null, "capacity": 390.0, "size": "Large", "turbines": null, "dam_height": 55.0, "res_elev": null, "res_area_k": null, "res_capmil": null, "certainty": null, "status": "Under Construction", "china_ovrs": null, "cost_us_m": 0, "financier": null, "financier2": null, "financier3": null, "developer": null, "builder": null, "sionhydrob": null, "contractor": null, "operator": null, "risk_insr": null, "start_date": 0, "complet_da": null, "oper_date": null, "hist_notes": null, "trans_line": null, "approv_not": null, "mdb_risk_c": null, "mdb_loan_t": null, "mdb_status": null, "proj_desc": null, "resettl_ge": null, "resettl_pe": null, "resettl_ho": null, "local_name": null, "notes": null, "source": null, "cartodb_id": 154, "created_at": "2015-07-13", "updated_at": "2015-07-13" }, "geometry": { "type": "MultiPoint", "coordinates": [ [ 106.604698, 15.02644 ] ] } },
{ "type": "Feature", "properties": { "fid": "mekongdams.150", "date_updat": 0, "region": "Asia (SE)", "country": "Lao PDR", "prov_state": null, "project": "Xe Pian - Nam Noy", "rivers": null, "basin": "Mekong", "latitude": 15.050082, "longitude": 106.519873, "purpose": "Hydropower", "numb_dams": null, "capacity": 390.0, "size": "NoData", "turbines": null, "dam_height": 0.0, "res_elev": null, "res_area_k": null, "res_capmil": null, "certainty": null, "status": "Under Construction", "china_ovrs": null, "cost_us_m": 0, "financier": null, "financier2": null, "financier3": null, "developer": null, "builder": null, "sionhydrob": null, "contractor": null, "operator": null, "risk_insr": null, "start_date": 0, "complet_da": null, "oper_date": null, "hist_notes": null, "trans_line": null, "approv_not": null, "mdb_risk_c": null, "mdb_loan_t": null, "mdb_status": null, "proj_desc": null, "resettl_ge": null, "resettl_pe": null, "resettl_ho": null, "local_name": null, "notes": null, "source": null, "cartodb_id": 155, "created_at": "2015-07-13", "updated_at": "2015-07-13" }, "geometry": { "type": "MultiPoint", "coordinates": [ [ 106.519873000000104, 15.050082 ] ] } },
{ "type": "Feature", "properties": { "fid": "mekongdams.152", "date_updat": 0, "region": "Asia (SE)", "country": "Lao PDR", "prov_state": null, "project": "Houay Ho", "rivers": null, "basin": "Mekong", "latitude": 15.05946, "longitude": 106.764374, "purpose": "Hydropower", "numb_dams": null, "capacity": 150.0, "size": "Large", "turbines": null, "dam_height": 76.5, "res_elev": null, "res_area_k": null, "res_capmil": null, "certainty": null, "status": "Operational", "china_ovrs": null, "cost_us_m": 0, "financier": null, "financier2": null, "financier3": null, "developer": null, "builder": null, "sionhydrob": null, "contractor": null, "operator": null, "risk_insr": null, "start_date": 0, "complet_da": "1999", "oper_date": null, "hist_notes": null, "trans_line": null, "approv_not": null, "mdb_risk_c": null, "mdb_loan_t": null, "mdb_status": null, "proj_desc": null, "resettl_ge": null, "resettl_pe": null, "resettl_ho": null, "local_name": null, "notes": null, "source": null, "cartodb_id": 156, "created_at": "2015-07-13", "updated_at": "2015-07-13" }, "geometry": { "type": "MultiPoint", "coordinates": [ [ 106.764374, 15.05946 ] ] } },
{ "type": "Feature", "properties": { "fid": "mekongdams.153", "date_updat": 0, "region": "Asia (SE)", "country": "Lao PDR", "prov_state": null, "project": "Nam Phak (Nam Phak)", "rivers": null, "basin": "Mekong", "latitude": 15.08168, "longitude": 106.134811, "purpose": "Hydropower", "numb_dams": null, "capacity": 75.0, "size": "Large", "turbines": null, "dam_height": 38.0, "res_elev": null, "res_area_k": null, "res_capmil": null, "certainty": null, "status": "Planned", "china_ovrs": null, "cost_us_m": 0, "financier": null, "financier2": null, "financier3": null, "developer": null, "builder": null, "sionhydrob": null, "contractor": null, "operator": null, "risk_insr": null, "start_date": 0, "complet_da": "2018", "oper_date": null, "hist_notes": null, "trans_line": null, "approv_not": null, "mdb_risk_c": null, "mdb_loan_t": null, "mdb_status": null, "proj_desc": null, "resettl_ge": null, "resettl_pe": null, "resettl_ho": null, "local_name": null, "notes": null, "source": null, "cartodb_id": 157, "created_at": "2015-07-13", "updated_at": "2015-07-13" }, "geometry": { "type": "MultiPoint", "coordinates": [ [ 106.134811, 15.08168 ] ] } },
{ "type": "Feature", "properties": { "fid": "mekongdams.154", "date_updat": 0, "region": "Asia (SE)", "country": "Lao PDR", "prov_state": null, "project": "Nam Ang - Tabeng", "rivers": null, "basin": "Mekong", "latitude": 15.115047, "longitude": 107.118708, "purpose": null, "numb_dams": null, "capacity": 35.0, "size": "NoData", "turbines": null, "dam_height": 0.0, "res_elev": null, "res_area_k": null, "res_capmil": null, "certainty": null, "status": "Planned", "china_ovrs": null, "cost_us_m": 0, "financier": null, "financier2": null, "financier3": null, "developer": null, "builder": null, "sionhydrob": null, "contractor": null, "operator": null, "risk_insr": null, "start_date": 0, "complet_da": null, "oper_date": null, "hist_notes": null, "trans_line": null, "approv_not": null, "mdb_risk_c": null, "mdb_loan_t": null, "mdb_status": null, "proj_desc": null, "resettl_ge": null, "resettl_pe": null, "resettl_ho": null, "local_name": null, "notes": null, "source": null, "cartodb_id": 158, "created_at": "2015-07-13", "updated_at": "2015-07-13" }, "geometry": { "type": "MultiPoint", "coordinates": [ [ 107.118708000000112, 15.115047 ] ] } },
{ "type": "Feature", "properties": { "fid": "mekongdams.155", "date_updat": 0, "region": "Asia (SE)", "country": "Lao PDR", "prov_state": null, "project": "Xekong 3 (Lower)", "rivers": null, "basin": "Mekong", "latitude": 15.11638, "longitude": 106.825539, "purpose": "Hydropower", "numb_dams": null, "capacity": 32.0, "size": "Large", "turbines": null, "dam_height": 65.0, "res_elev": null, "res_area_k": null, "res_capmil": null, "certainty": null, "status": "Operational", "china_ovrs": null, "cost_us_m": 0, "financier": null, "financier2": null, "financier3": null, "developer": null, "builder": null, "sionhydrob": null, "contractor": null, "operator": null, "risk_insr": null, "start_date": 0, "complet_da": "2011", "oper_date": null, "hist_notes": null, "trans_line": null, "approv_not": null, "mdb_risk_c": null, "mdb_loan_t": null, "mdb_status": null, "proj_desc": null, "resettl_ge": null, "resettl_pe": null, "resettl_ho": null, "local_name": null, "notes": null, "source": null, "cartodb_id": 159, "created_at": "2015-07-13", "updated_at": "2015-07-13" }, "geometry": { "type": "MultiPoint", "coordinates": [ [ 106.825539000000134, 15.11638 ] ] } },
{ "type": "Feature", "properties": { "fid": "mekongdams.156", "date_updat": 0, "region": "Asia (SE)", "country": "Lao PDR", "prov_state": null, "project": "Xe Katam", "rivers": null, "basin": "Mekong", "latitude": 15.11854, "longitude": 106.639511, "purpose": "Hydropower", "numb_dams": null, "capacity": 60.8, "size": "Large", "turbines": null, "dam_height": 37.5, "res_elev": null, "res_area_k": null, "res_capmil": null, "certainty": null, "status": "Planned", "china_ovrs": null, "cost_us_m": 0, "financier": null, "financier2": null, "financier3": null, "developer": null, "builder": null, "sionhydrob": null, "contractor": null, "operator": null, "risk_insr": null, "start_date": 0, "complet_da": "2013", "oper_date": null, "hist_notes": null, "trans_line": null, "approv_not": null, "mdb_risk_c": null, "mdb_loan_t": null, "mdb_status": null, "proj_desc": null, "resettl_ge": null, "resettl_pe": null, "resettl_ho": null, "local_name": null, "notes": null, "source": null, "cartodb_id": 160, "created_at": "2015-07-13", "updated_at": "2015-07-13" }, "geometry": { "type": "MultiPoint", "coordinates": [ [ 106.639511, 15.11854 ] ] } },
{ "type": "Feature", "properties": { "fid": "mekongdams.158", "date_updat": 0, "region": "Asia (SE)", "country": "Lao PDR", "prov_state": null, "project": "Xe Nam Noy 5", "rivers": null, "basin": "Mekong", "latitude": 15.16336, "longitude": 106.668694, "purpose": "Hydropower", "numb_dams": null, "capacity": 20.0, "size": "Large", "turbines": null, "dam_height": 28.0, "res_elev": null, "res_area_k": null, "res_capmil": null, "certainty": null, "status": "Planned", "china_ovrs": null, "cost_us_m": 0, "financier": null, "financier2": null, "financier3": null, "developer": null, "builder": null, "sionhydrob": null, "contractor": null, "operator": null, "risk_insr": null, "start_date": 0, "complet_da": "2022", "oper_date": null, "hist_notes": null, "trans_line": null, "approv_not": null, "mdb_risk_c": null, "mdb_loan_t": null, "mdb_status": null, "proj_desc": null, "resettl_ge": null, "resettl_pe": null, "resettl_ho": null, "local_name": null, "notes": null, "source": null, "cartodb_id": 161, "created_at": "2015-07-13", "updated_at": "2015-07-13" }, "geometry": { "type": "MultiPoint", "coordinates": [ [ 106.668694000000102, 15.16336 ] ] } },
{ "type": "Feature", "properties": { "fid": "mekongdams.162", "date_updat": 0, "region": "Asia (SE)", "country": "Lao PDR", "prov_state": null, "project": "Xe Kaman 2A", "rivers": null, "basin": "Mekong", "latitude": 15.2161, "longitude": 107.439377, "purpose": "Hydropower", "numb_dams": null, "capacity": 64.0, "size": "Large", "turbines": null, "dam_height": 69.0, "res_elev": null, "res_area_k": null, "res_capmil": null, "certainty": null, "status": "Planned", "china_ovrs": null, "cost_us_m": 0, "financier": null, "financier2": null, "financier3": null, "developer": null, "builder": null, "sionhydrob": null, "contractor": null, "operator": null, "risk_insr": null, "start_date": 0, "complet_da": "2018", "oper_date": null, "hist_notes": null, "trans_line": null, "approv_not": null, "mdb_risk_c": null, "mdb_loan_t": null, "mdb_status": null, "proj_desc": null, "resettl_ge": null, "resettl_pe": null, "resettl_ho": null, "local_name": null, "notes": null, "source": null, "cartodb_id": 162, "created_at": "2015-07-13", "updated_at": "2015-07-13" }, "geometry": { "type": "MultiPoint", "coordinates": [ [ 107.439377, 15.2161 ] ] } },
{ "type": "Feature", "properties": { "fid": "mekongdams.164", "date_updat": 0, "region": "Asia (SE)", "country": "Lao PDR", "prov_state": null, "project": "Xe Kaman 4A", "rivers": null, "basin": "Mekong", "latitude": 15.22405, "longitude": 107.526398, "purpose": "Hydropower", "numb_dams": null, "capacity": 96.0, "size": "Large", "turbines": null, "dam_height": 30.0, "res_elev": null, "res_area_k": null, "res_capmil": null, "certainty": null, "status": "Planned", "china_ovrs": null, "cost_us_m": 0, "financier": null, "financier2": null, "financier3": null, "developer": null, "builder": null, "sionhydrob": null, "contractor": null, "operator": null, "risk_insr": null, "start_date": 0, "complet_da": "2018", "oper_date": null, "hist_notes": null, "trans_line": null, "approv_not": null, "mdb_risk_c": null, "mdb_loan_t": null, "mdb_status": null, "proj_desc": null, "resettl_ge": null, "resettl_pe": null, "resettl_ho": null, "local_name": null, "notes": null, "source": null, "cartodb_id": 163, "created_at": "2015-07-13", "updated_at": "2015-07-13" }, "geometry": { "type": "MultiPoint", "coordinates": [ [ 107.526398, 15.22405 ] ] } },
{ "type": "Feature", "properties": { "fid": "mekongdams.167", "date_updat": 0, "region": "Asia (SE)", "country": "Lao PDR", "prov_state": null, "project": "Xe Kaman 2B", "rivers": null, "basin": "Mekong", "latitude": 15.27457, "longitude": 107.452263, "purpose": "Hydropower", "numb_dams": null, "capacity": 100.0, "size": "Large", "turbines": null, "dam_height": 31.0, "res_elev": null, "res_area_k": null, "res_capmil": null, "certainty": null, "status": "Planned", "china_ovrs": null, "cost_us_m": 0, "financier": null, "financier2": null, "financier3": null, "developer": null, "builder": null, "sionhydrob": null, "contractor": null, "operator": null, "risk_insr": null, "start_date": 0, "complet_da": "2018", "oper_date": null, "hist_notes": null, "trans_line": null, "approv_not": null, "mdb_risk_c": null, "mdb_loan_t": null, "mdb_status": null, "proj_desc": null, "resettl_ge": null, "resettl_pe": null, "resettl_ho": null, "local_name": null, "notes": null, "source": null, "cartodb_id": 164, "created_at": "2015-07-13", "updated_at": "2015-07-13" }, "geometry": { "type": "MultiPoint", "coordinates": [ [ 107.452263000000102, 15.27457 ] ] } },
{ "type": "Feature", "properties": { "fid": "mekongdams.172", "date_updat": 0, "region": "Asia (SE)", "country": "Lao PDR", "prov_state": null, "project": "Latsua", "rivers": "Mekong", "basin": "Mekong", "latitude": 15.31995, "longitude": 105.61824, "purpose": "Hydropower", "numb_dams": null, "capacity": 686.0, "size": "Large", "turbines": null, "dam_height": 76.0, "res_elev": null, "res_area_k": null, "res_capmil": null, "certainty": null, "status": "Planned", "china_ovrs": null, "cost_us_m": 0, "financier": null, "financier2": null, "financier3": null, "developer": null, "builder": null, "sionhydrob": null, "contractor": null, "operator": null, "risk_insr": null, "start_date": 0, "complet_da": "2018", "oper_date": null, "hist_notes": null, "trans_line": null, "approv_not": null, "mdb_risk_c": null, "mdb_loan_t": null, "mdb_status": null, "proj_desc": null, "resettl_ge": null, "resettl_pe": null, "resettl_ho": null, "local_name": null, "notes": null, "source": null, "cartodb_id": 165, "created_at": "2015-07-13", "updated_at": "2015-07-13" }, "geometry": { "type": "MultiPoint", "coordinates": [ [ 105.61824, 15.31995 ] ] } },
{ "type": "Feature", "properties": { "fid": "mekongdams.176", "date_updat": 0, "region": "Asia (SE)", "country": "Lao PDR", "prov_state": null, "project": "Xeset 3", "rivers": "Xeset", "basin": "Mekong", "latitude": 15.34523, "longitude": 106.308632, "purpose": "Hydropower", "numb_dams": null, "capacity": 76.0, "size": "Large", "turbines": null, "dam_height": 62.0, "res_elev": null, "res_area_k": null, "res_capmil": null, "certainty": null, "status": "Operational", "china_ovrs": null, "cost_us_m": 0, "financier": null, "financier2": null, "financier3": null, "developer": null, "builder": null, "sionhydrob": null, "contractor": null, "operator": null, "risk_insr": null, "start_date": 0, "complet_da": "2009", "oper_date": null, "hist_notes": null, "trans_line": null, "approv_not": null, "mdb_risk_c": null, "mdb_loan_t": null, "mdb_status": null, "proj_desc": null, "resettl_ge": null, "resettl_pe": null, "resettl_ho": null, "local_name": null, "notes": null, "source": null, "cartodb_id": 166, "created_at": "2015-07-13", "updated_at": "2015-07-13" }, "geometry": { "type": "MultiPoint", "coordinates": [ [ 106.308632, 15.34523 ] ] } },
{ "type": "Feature", "properties": { "fid": "mekongdams.177", "date_updat": 0, "region": "Asia (SE)", "country": "Lao PDR", "prov_state": null, "project": "Xe Kaman 4B", "rivers": null, "basin": "Mekong", "latitude": 15.34671, "longitude": 107.536629, "purpose": "Hydropower", "numb_dams": null, "capacity": 74.0, "size": "Large", "turbines": null, "dam_height": 45.0, "res_elev": null, "res_area_k": null, "res_capmil": null, "certainty": null, "status": "Planned", "china_ovrs": null, "cost_us_m": 0, "financier": null, "financier2": null, "financier3": null, "developer": null, "builder": null, "sionhydrob": null, "contractor": null, "operator": null, "risk_insr": null, "start_date": 0, "complet_da": "2018", "oper_date": null, "hist_notes": null, "trans_line": null, "approv_not": null, "mdb_risk_c": null, "mdb_loan_t": null, "mdb_status": null, "proj_desc": null, "resettl_ge": null, "resettl_pe": null, "resettl_ho": null, "local_name": null, "notes": null, "source": null, "cartodb_id": 167, "created_at": "2015-07-13", "updated_at": "2015-07-13" }, "geometry": { "type": "MultiPoint", "coordinates": [ [ 107.536629000000147, 15.34671 ] ] } },
{ "type": "Feature", "properties": { "fid": "mekongdams.178", "date_updat": 0, "region": "Asia (SE)", "country": "Lao PDR", "prov_state": null, "project": "Xelabam", "rivers": null, "basin": "Mekong", "latitude": 15.35613, "longitude": 105.832077, "purpose": "Hydropower", "numb_dams": null, "capacity": 248.0, "size": "Large", "turbines": null, "dam_height": 200.0, "res_elev": null, "res_area_k": null, "res_capmil": null, "certainty": null, "status": "Planned", "china_ovrs": null, "cost_us_m": 0, "financier": null, "financier2": null, "financier3": null, "developer": null, "builder": null, "sionhydrob": null, "contractor": null, "operator": null, "risk_insr": null, "start_date": 0, "complet_da": "2016", "oper_date": null, "hist_notes": null, "trans_line": null, "approv_not": null, "mdb_risk_c": null, "mdb_loan_t": null, "mdb_status": null, "proj_desc": null, "resettl_ge": null, "resettl_pe": null, "resettl_ho": null, "local_name": null, "notes": null, "source": null, "cartodb_id": 168, "created_at": "2015-07-13", "updated_at": "2015-07-13" }, "geometry": { "type": "MultiPoint", "coordinates": [ [ 105.832077, 15.35613 ] ] } },
{ "type": "Feature", "properties": { "fid": "mekongdams.179", "date_updat": 0, "region": "Asia (SE)", "country": "Lao PDR", "prov_state": null, "project": "Houay Lamphan", "rivers": null, "basin": "Mekong", "latitude": 15.35984, "longitude": 106.498283, "purpose": "Hydropower", "numb_dams": null, "capacity": 88.0, "size": "Large", "turbines": null, "dam_height": 77.0, "res_elev": null, "res_area_k": null, "res_capmil": null, "certainty": null, "status": "Under Construction", "china_ovrs": null, "cost_us_m": 0, "financier": null, "financier2": null, "financier3": null, "developer": null, "builder": null, "sionhydrob": null, "contractor": null, "operator": null, "risk_insr": null, "start_date": 0, "complet_da": "2014", "oper_date": null, "hist_notes": null, "trans_line": null, "approv_not": null, "mdb_risk_c": null, "mdb_loan_t": null, "mdb_status": null, "proj_desc": null, "resettl_ge": null, "resettl_pe": null, "resettl_ho": null, "local_name": null, "notes": null, "source": null, "cartodb_id": 169, "created_at": "2015-07-13", "updated_at": "2015-07-13" }, "geometry": { "type": "MultiPoint", "coordinates": [ [ 106.498283, 15.35984 ] ] } },
{ "type": "Feature", "properties": { "fid": "mekongdams.180", "date_updat": 0, "region": "Asia (SE)", "country": "Lao PDR", "prov_state": null, "project": "Xekong 3 (Upper)", "rivers": null, "basin": "Mekong", "latitude": 15.37646, "longitude": 106.780617, "purpose": "Hydropower", "numb_dams": null, "capacity": 91.1, "size": "Large", "turbines": null, "dam_height": 22.0, "res_elev": null, "res_area_k": null, "res_capmil": null, "certainty": null, "status": "Operational", "china_ovrs": null, "cost_us_m": 0, "financier": null, "financier2": null, "financier3": null, "developer": null, "builder": null, "sionhydrob": null, "contractor": null, "operator": null, "risk_insr": null, "start_date": 0, "complet_da": "2012", "oper_date": null, "hist_notes": null, "trans_line": null, "approv_not": null, "mdb_risk_c": null, "mdb_loan_t": null, "mdb_status": null, "proj_desc": null, "resettl_ge": null, "resettl_pe": null, "resettl_ho": null, "local_name": null, "notes": null, "source": null, "cartodb_id": 170, "created_at": "2015-07-13", "updated_at": "2015-07-13" }, "geometry": { "type": "MultiPoint", "coordinates": [ [ 106.780617, 15.37646 ] ] } },
{ "type": "Feature", "properties": { "fid": "mekongdams.183", "date_updat": 0, "region": "Asia (SE)", "country": "Lao PDR", "prov_state": null, "project": "Xeset 2", "rivers": "Xeset", "basin": "Mekong", "latitude": 15.40381, "longitude": 106.280006, "purpose": "Hydropower", "numb_dams": null, "capacity": 45.0, "size": "Large", "turbines": null, "dam_height": 72.0, "res_elev": null, "res_area_k": null, "res_capmil": null, "certainty": null, "status": "Operational", "china_ovrs": null, "cost_us_m": 0, "financier": null, "financier2": null, "financier3": null, "developer": null, "builder": null, "sionhydrob": null, "contractor": null, "operator": null, "risk_insr": null, "start_date": 0, "complet_da": "1991", "oper_date": null, "hist_notes": null, "trans_line": null, "approv_not": null, "mdb_risk_c": null, "mdb_loan_t": null, "mdb_status": null, "proj_desc": null, "resettl_ge": null, "resettl_pe": null, "resettl_ho": null, "local_name": null, "notes": null, "source": null, "cartodb_id": 171, "created_at": "2015-07-13", "updated_at": "2015-07-13" }, "geometry": { "type": "MultiPoint", "coordinates": [ [ 106.280006, 15.40381 ] ] } },
{ "type": "Feature", "properties": { "fid": "mekongdams.184", "date_updat": 0, "region": "Asia (SE)", "country": "Lao PDR", "prov_state": null, "project": "Ban Kum", "rivers": "Mekong", "basin": "Mekong", "latitude": 15.41788, "longitude": 105.587357, "purpose": "Hydropower", "numb_dams": null, "capacity": 1872.0, "size": "Large", "turbines": null, "dam_height": 27.0, "res_elev": null, "res_area_k": null, "res_capmil": null, "certainty": null, "status": "Planned", "china_ovrs": null, "cost_us_m": 0, "financier": null, "financier2": null, "financier3": null, "developer": null, "builder": null, "sionhydrob": null, "contractor": null, "operator": null, "risk_insr": null, "start_date": 0, "complet_da": "2017", "oper_date": null, "hist_notes": null, "trans_line": null, "approv_not": null, "mdb_risk_c": null, "mdb_loan_t": null, "mdb_status": null, "proj_desc": null, "resettl_ge": null, "resettl_pe": null, "resettl_ho": null, "local_name": null, "notes": null, "source": null, "cartodb_id": 172, "created_at": "2015-07-13", "updated_at": "2015-07-13" }, "geometry": { "type": "MultiPoint", "coordinates": [ [ 105.587357, 15.41788 ] ] } },
{ "type": "Feature", "properties": { "fid": "mekongdams.185", "date_updat": 0, "region": "Asia (SE)", "country": "Lao PDR", "prov_state": null, "project": "Xe Kaman 3", "rivers": null, "basin": "Mekong", "latitude": 15.43568, "longitude": 107.336571, "purpose": "Hydropower", "numb_dams": null, "capacity": 250.0, "size": "Large", "turbines": null, "dam_height": 101.5, "res_elev": null, "res_area_k": null, "res_capmil": null, "certainty": null, "status": "Under Construction", "china_ovrs": null, "cost_us_m": 0, "financier": null, "financier2": null, "financier3": null, "developer": null, "builder": null, "sionhydrob": null, "contractor": null, "operator": null, "risk_insr": null, "start_date": 0, "complet_da": "2013", "oper_date": null, "hist_notes": null, "trans_line": null, "approv_not": null, "mdb_risk_c": null, "mdb_loan_t": null, "mdb_status": null, "proj_desc": null, "resettl_ge": null, "resettl_pe": null, "resettl_ho": null, "local_name": null, "notes": null, "source": null, "cartodb_id": 173, "created_at": "2015-07-13", "updated_at": "2015-07-13" }, "geometry": { "type": "MultiPoint", "coordinates": [ [ 107.336571000000134, 15.43568 ] ] } },
{ "type": "Feature", "properties": { "fid": "mekongdams.188", "date_updat": 0, "region": "Asia (SE)", "country": "Lao PDR", "prov_state": null, "project": "Xeset 1", "rivers": "Xeset", "basin": "Mekong", "latitude": 15.49194, "longitude": 106.278679, "purpose": "Hydropower", "numb_dams": null, "capacity": 390.0, "size": "Large", "turbines": null, "dam_height": 75.5, "res_elev": null, "res_area_k": null, "res_capmil": null, "certainty": null, "status": "Under Construction", "china_ovrs": null, "cost_us_m": 0, "financier": null, "financier2": null, "financier3": null, "developer": null, "builder": null, "sionhydrob": null, "contractor": null, "operator": null, "risk_insr": null, "start_date": 0, "complet_da": "2018", "oper_date": null, "hist_notes": null, "trans_line": null, "approv_not": null, "mdb_risk_c": null, "mdb_loan_t": null, "mdb_status": null, "proj_desc": null, "resettl_ge": null, "resettl_pe": null, "resettl_ho": null, "local_name": null, "notes": null, "source": null, "cartodb_id": 174, "created_at": "2015-07-13", "updated_at": "2015-07-13" }, "geometry": { "type": "MultiPoint", "coordinates": [ [ 106.278679, 15.49194 ] ] } },
{ "type": "Feature", "properties": { "fid": "mekongdams.190", "date_updat": 0, "region": "Asia (SE)", "country": "Lao PDR", "prov_state": null, "project": "Xekong 4", "rivers": null, "basin": "Mekong", "latitude": 15.51309, "longitude": 106.788193, "purpose": "Hydropower", "numb_dams": null, "capacity": 144.6, "size": "Large", "turbines": null, "dam_height": 25.0, "res_elev": null, "res_area_k": null, "res_capmil": null, "certainty": null, "status": "Planned", "china_ovrs": null, "cost_us_m": 0, "financier": null, "financier2": null, "financier3": null, "developer": null, "builder": null, "sionhydrob": null, "contractor": null, "operator": null, "risk_insr": null, "start_date": 0, "complet_da": "2012", "oper_date": null, "hist_notes": null, "trans_line": null, "approv_not": null, "mdb_risk_c": null, "mdb_loan_t": null, "mdb_status": null, "proj_desc": null, "resettl_ge": null, "resettl_pe": null, "resettl_ho": null, "local_name": null, "notes": null, "source": null, "cartodb_id": 175, "created_at": "2015-07-13", "updated_at": "2015-07-13" }, "geometry": { "type": "MultiPoint", "coordinates": [ [ 106.78819300000012, 15.51309 ] ] } },
{ "type": "Feature", "properties": { "fid": "mekongdams.192", "date_updat": 0, "region": "Asia (SE)", "country": "Lao PDR", "prov_state": null, "project": "Dak E Mule", "rivers": "Mekong", "basin": "Mekong", "latitude": 15.55467, "longitude": 107.07177, "purpose": "Hydropower", "numb_dams": null, "capacity": 105.0, "size": "Large", "turbines": null, "dam_height": 75.0, "res_elev": null, "res_area_k": null, "res_capmil": null, "certainty": null, "status": "Planned", "china_ovrs": null, "cost_us_m": 0, "financier": null, "financier2": null, "financier3": null, "developer": null, "builder": null, "sionhydrob": null, "contractor": null, "operator": null, "risk_insr": null, "start_date": 0, "complet_da": "2018", "oper_date": null, "hist_notes": null, "trans_line": null, "approv_not": null, "mdb_risk_c": null, "mdb_loan_t": null, "mdb_status": null, "proj_desc": null, "resettl_ge": null, "resettl_pe": null, "resettl_ho": null, "local_name": null, "notes": null, "source": null, "cartodb_id": 176, "created_at": "2015-07-13", "updated_at": "2015-07-13" }, "geometry": { "type": "MultiPoint", "coordinates": [ [ 107.0717700000001, 15.55467 ] ] } },
{ "type": "Feature", "properties": { "fid": "mekongdams.203", "date_updat": 0, "region": "Asia (SE)", "country": "Lao PDR", "prov_state": null, "project": "Xedon 2", "rivers": null, "basin": "Mekong", "latitude": 15.70955, "longitude": 106.067513, "purpose": "Hydropower", "numb_dams": null, "capacity": 63.4, "size": "Large", "turbines": null, "dam_height": 46.0, "res_elev": null, "res_area_k": null, "res_capmil": null, "certainty": null, "status": "Planned", "china_ovrs": null, "cost_us_m": 0, "financier": null, "financier2": null, "financier3": null, "developer": null, "builder": null, "sionhydrob": null, "contractor": null, "operator": null, "risk_insr": null, "start_date": 0, "complet_da": "2022", "oper_date": null, "hist_notes": null, "trans_line": null, "approv_not": null, "mdb_risk_c": null, "mdb_loan_t": null, "mdb_status": null, "proj_desc": null, "resettl_ge": null, "resettl_pe": null, "resettl_ho": null, "local_name": null, "notes": null, "source": null, "cartodb_id": 177, "created_at": "2015-07-13", "updated_at": "2015-07-13" }, "geometry": { "type": "MultiPoint", "coordinates": [ [ 106.067513, 15.70955 ] ] } },
{ "type": "Feature", "properties": { "fid": "mekongdams.212", "date_updat": 0, "region": "Asia (SE)", "country": "Lao PDR", "prov_state": null, "project": "Xe Bang Nouan", "rivers": null, "basin": "Mekong", "latitude": 15.88144, "longitude": 105.950478, "purpose": "Hydropower", "numb_dams": null, "capacity": 18.0, "size": "Large", "turbines": null, "dam_height": 69.0, "res_elev": null, "res_area_k": null, "res_capmil": null, "certainty": null, "status": "Planned", "china_ovrs": null, "cost_us_m": 0, "financier": null, "financier2": null, "financier3": null, "developer": null, "builder": null, "sionhydrob": null, "contractor": null, "operator": null, "risk_insr": null, "start_date": 0, "complet_da": "2021", "oper_date": null, "hist_notes": null, "trans_line": null, "approv_not": null, "mdb_risk_c": null, "mdb_loan_t": null, "mdb_status": null, "proj_desc": null, "resettl_ge": null, "resettl_pe": null, "resettl_ho": null, "local_name": null, "notes": null, "source": null, "cartodb_id": 178, "created_at": "2015-07-13", "updated_at": "2015-07-13" }, "geometry": { "type": "MultiPoint", "coordinates": [ [ 105.950478, 15.88144 ] ] } },
{ "type": "Feature", "properties": { "fid": "mekongdams.232", "date_updat": 0, "region": "Asia (SE)", "country": "Thailand", "prov_state": null, "project": "Lam Pao", "rivers": null, "basin": "Mekong", "latitude": 16.591732, "longitude": 103.453678, "purpose": null, "numb_dams": null, "capacity": 0.0, "size": "NoData", "turbines": null, "dam_height": 0.0, "res_elev": null, "res_area_k": null, "res_capmil": null, "certainty": null, "status": "Operational", "china_ovrs": null, "cost_us_m": 0, "financier": null, "financier2": null, "financier3": null, "developer": null, "builder": null, "sionhydrob": null, "contractor": null, "operator": null, "risk_insr": null, "start_date": 0, "complet_da": null, "oper_date": null, "hist_notes": null, "trans_line": null, "approv_not": null, "mdb_risk_c": null, "mdb_loan_t": null, "mdb_status": null, "proj_desc": null, "resettl_ge": null, "resettl_pe": null, "resettl_ho": null, "local_name": null, "notes": null, "source": null, "cartodb_id": 343, "created_at": "2015-07-13", "updated_at": "2015-07-13" }, "geometry": { "type": "MultiPoint", "coordinates": [ [ 103.453678, 16.591732 ] ] } },
{ "type": "Feature", "properties": { "fid": "mekongdams.216", "date_updat": 0, "region": "Asia (SE)", "country": "Lao PDR", "prov_state": null, "project": "Xekong 5", "rivers": null, "basin": "Mekong", "latitude": 15.97447, "longitude": 106.931007, "purpose": "Hydropower", "numb_dams": null, "capacity": 300.0, "size": "Large", "turbines": null, "dam_height": 169.0, "res_elev": null, "res_area_k": null, "res_capmil": null, "certainty": null, "status": "Planned", "china_ovrs": null, "cost_us_m": 0, "financier": null, "financier2": null, "financier3": null, "developer": null, "builder": null, "sionhydrob": null, "contractor": null, "operator": null, "risk_insr": null, "start_date": 0, "complet_da": "2014", "oper_date": null, "hist_notes": null, "trans_line": null, "approv_not": null, "mdb_risk_c": null, "mdb_loan_t": null, "mdb_status": null, "proj_desc": null, "resettl_ge": null, "resettl_pe": null, "resettl_ho": null, "local_name": null, "notes": null, "source": null, "cartodb_id": 179, "created_at": "2015-07-13", "updated_at": "2015-07-13" }, "geometry": { "type": "MultiPoint", "coordinates": [ [ 106.931007, 15.97447 ] ] } },
{ "type": "Feature", "properties": { "fid": "mekongdams.217", "date_updat": 0, "region": "Asia (SE)", "country": "Lao PDR", "prov_state": null, "project": "Xe Lanong 2", "rivers": null, "basin": "Mekong", "latitude": 16.0348, "longitude": 106.676826, "purpose": "Hydropower", "numb_dams": null, "capacity": 20.0, "size": "Large", "turbines": null, "dam_height": 28.0, "res_elev": null, "res_area_k": null, "res_capmil": null, "certainty": null, "status": "Planned", "china_ovrs": null, "cost_us_m": 0, "financier": null, "financier2": null, "financier3": null, "developer": null, "builder": null, "sionhydrob": null, "contractor": null, "operator": null, "risk_insr": null, "start_date": 0, "complet_da": "2018", "oper_date": null, "hist_notes": null, "trans_line": null, "approv_not": null, "mdb_risk_c": null, "mdb_loan_t": null, "mdb_status": null, "proj_desc": null, "resettl_ge": null, "resettl_pe": null, "resettl_ho": null, "local_name": null, "notes": null, "source": null, "cartodb_id": 180, "created_at": "2015-07-13", "updated_at": "2015-07-13" }, "geometry": { "type": "MultiPoint", "coordinates": [ [ 106.676826, 16.0348 ] ] } },
{ "type": "Feature", "properties": { "fid": "mekongdams.219", "date_updat": 0, "region": "Asia (SE)", "country": "Lao PDR", "prov_state": null, "project": "Unknown", "rivers": null, "basin": "Mekong", "latitude": 16.245661, "longitude": 105.383728, "purpose": "Unknown", "numb_dams": null, "capacity": 0.0, "size": "NoData", "turbines": null, "dam_height": 0.0, "res_elev": null, "res_area_k": null, "res_capmil": null, "certainty": null, "status": "Unknown", "china_ovrs": null, "cost_us_m": 0, "financier": null, "financier2": null, "financier3": null, "developer": null, "builder": null, "sionhydrob": null, "contractor": null, "operator": null, "risk_insr": null, "start_date": 0, "complet_da": "Unknown", "oper_date": null, "hist_notes": null, "trans_line": null, "approv_not": null, "mdb_risk_c": null, "mdb_loan_t": null, "mdb_status": null, "proj_desc": null, "resettl_ge": null, "resettl_pe": null, "resettl_ho": null, "local_name": null, "notes": null, "source": null, "cartodb_id": 181, "created_at": "2015-07-13", "updated_at": "2015-07-13" }, "geometry": { "type": "MultiPoint", "coordinates": [ [ 105.383728, 16.245661 ] ] } },
{ "type": "Feature", "properties": { "fid": "mekongdams.220", "date_updat": 0, "region": "Asia (SE)", "country": "Lao PDR", "prov_state": null, "project": "Unknown", "rivers": null, "basin": "Mekong", "latitude": 16.245661, "longitude": 105.383728, "purpose": "Unknown", "numb_dams": null, "capacity": 0.0, "size": "NoData", "turbines": null, "dam_height": 0.0, "res_elev": null, "res_area_k": null, "res_capmil": null, "certainty": null, "status": "Unknown", "china_ovrs": null, "cost_us_m": 0, "financier": null, "financier2": null, "financier3": null, "developer": null, "builder": null, "sionhydrob": null, "contractor": null, "operator": null, "risk_insr": null, "start_date": 0, "complet_da": "Unknown", "oper_date": null, "hist_notes": null, "trans_line": null, "approv_not": null, "mdb_risk_c": null, "mdb_loan_t": null, "mdb_status": null, "proj_desc": null, "resettl_ge": null, "resettl_pe": null, "resettl_ho": null, "local_name": null, "notes": null, "source": null, "cartodb_id": 182, "created_at": "2015-07-13", "updated_at": "2015-07-13" }, "geometry": { "type": "MultiPoint", "coordinates": [ [ 105.383728, 16.245661 ] ] } },
{ "type": "Feature", "properties": { "fid": "mekongdams.221", "date_updat": 0, "region": "Asia (SE)", "country": "Lao PDR", "prov_state": null, "project": "Xe Lanong 1", "rivers": null, "basin": "Mekong", "latitude": 16.255859, "longitude": 106.570313, "purpose": "Hydropower", "numb_dams": null, "capacity": 30.0, "size": "Large", "turbines": null, "dam_height": 33.0, "res_elev": null, "res_area_k": null, "res_capmil": null, "certainty": null, "status": "Planned", "china_ovrs": null, "cost_us_m": 0, "financier": null, "financier2": null, "financier3": null, "developer": null, "builder": null, "sionhydrob": null, "contractor": null, "operator": null, "risk_insr": null, "start_date": 0, "complet_da": "2021", "oper_date": null, "hist_notes": null, "trans_line": null, "approv_not": null, "mdb_risk_c": null, "mdb_loan_t": null, "mdb_status": null, "proj_desc": null, "resettl_ge": null, "resettl_pe": null, "resettl_ho": null, "local_name": null, "notes": null, "source": null, "cartodb_id": 183, "created_at": "2015-07-13", "updated_at": "2015-07-13" }, "geometry": { "type": "MultiPoint", "coordinates": [ [ 106.570313, 16.255859 ] ] } },
{ "type": "Feature", "properties": { "fid": "mekongdams.222", "date_updat": 0, "region": "Asia (SE)", "country": "Lao PDR", "prov_state": null, "project": "Xe Pon 3", "rivers": null, "basin": "Mekong", "latitude": 16.30308, "longitude": 106.861191, "purpose": "Hydropower", "numb_dams": null, "capacity": 75.0, "size": "Large", "turbines": null, "dam_height": 128.0, "res_elev": null, "res_area_k": null, "res_capmil": null, "certainty": null, "status": "Planned", "china_ovrs": null, "cost_us_m": 0, "financier": null, "financier2": null, "financier3": null, "developer": null, "builder": null, "sionhydrob": null, "contractor": null, "operator": null, "risk_insr": null, "start_date": 0, "complet_da": "2018", "oper_date": null, "hist_notes": null, "trans_line": null, "approv_not": null, "mdb_risk_c": null, "mdb_loan_t": null, "mdb_status": null, "proj_desc": null, "resettl_ge": null, "resettl_pe": null, "resettl_ho": null, "local_name": null, "notes": null, "source": null, "cartodb_id": 184, "created_at": "2015-07-13", "updated_at": "2015-07-13" }, "geometry": { "type": "MultiPoint", "coordinates": [ [ 106.861191000000105, 16.30308 ] ] } },
{ "type": "Feature", "properties": { "fid": "mekongdams.226", "date_updat": 0, "region": "Asia (SE)", "country": "Lao PDR", "prov_state": null, "project": "Unknown", "rivers": null, "basin": "Mekong", "latitude": 16.519751, "longitude": 105.202568, "purpose": "Unknown", "numb_dams": null, "capacity": 0.0, "size": "NoData", "turbines": null, "dam_height": 0.0, "res_elev": null, "res_area_k": null, "res_capmil": null, "certainty": null, "status": "Unknown", "china_ovrs": null, "cost_us_m": 0, "financier": null, "financier2": null, "financier3": null, "developer": null, "builder": null, "sionhydrob": null, "contractor": null, "operator": null, "risk_insr": null, "start_date": 0, "complet_da": "Unknown", "oper_date": null, "hist_notes": null, "trans_line": null, "approv_not": null, "mdb_risk_c": null, "mdb_loan_t": null, "mdb_status": null, "proj_desc": null, "resettl_ge": null, "resettl_pe": null, "resettl_ho": null, "local_name": null, "notes": null, "source": null, "cartodb_id": 185, "created_at": "2015-07-13", "updated_at": "2015-07-13" }, "geometry": { "type": "MultiPoint", "coordinates": [ [ 105.202568000000127, 16.519751 ] ] } },
{ "type": "Feature", "properties": { "fid": "mekongdams.227", "date_updat": 0, "region": "Asia (SE)", "country": "Lao PDR", "prov_state": null, "project": "Unknown", "rivers": null, "basin": "Mekong", "latitude": 16.519751, "longitude": 105.202568, "purpose": "Unknown", "numb_dams": null, "capacity": 0.0, "size": "NoData", "turbines": null, "dam_height": 0.0, "res_elev": null, "res_area_k": null, "res_capmil": null, "certainty": null, "status": "Unknown", "china_ovrs": null, "cost_us_m": 0, "financier": null, "financier2": null, "financier3": null, "developer": null, "builder": null, "sionhydrob": null, "contractor": null, "operator": null, "risk_insr": null, "start_date": 0, "complet_da": "Unknown", "oper_date": null, "hist_notes": null, "trans_line": null, "approv_not": null, "mdb_risk_c": null, "mdb_loan_t": null, "mdb_status": null, "proj_desc": null, "resettl_ge": null, "resettl_pe": null, "resettl_ho": null, "local_name": null, "notes": null, "source": null, "cartodb_id": 186, "created_at": "2015-07-13", "updated_at": "2015-07-13" }, "geometry": { "type": "MultiPoint", "coordinates": [ [ 105.202568000000127, 16.519751 ] ] } },
{ "type": "Feature", "properties": { "fid": "mekongdams.230", "date_updat": 0, "region": "Asia (SE)", "country": "Lao PDR", "prov_state": null, "project": "Unknown", "rivers": null, "basin": "Mekong", "latitude": 16.54734, "longitude": 105.061218, "purpose": "Unknown", "numb_dams": null, "capacity": 0.0, "size": "NoData", "turbines": null, "dam_height": 0.0, "res_elev": null, "res_area_k": null, "res_capmil": null, "certainty": null, "status": "Unknown", "china_ovrs": null, "cost_us_m": 0, "financier": null, "financier2": null, "financier3": null, "developer": null, "builder": null, "sionhydrob": null, "contractor": null, "operator": null, "risk_insr": null, "start_date": 0, "complet_da": "Unknown", "oper_date": null, "hist_notes": null, "trans_line": null, "approv_not": null, "mdb_risk_c": null, "mdb_loan_t": null, "mdb_status": null, "proj_desc": null, "resettl_ge": null, "resettl_pe": null, "resettl_ho": null, "local_name": null, "notes": null, "source": null, "cartodb_id": 187, "created_at": "2015-07-13", "updated_at": "2015-07-13" }, "geometry": { "type": "MultiPoint", "coordinates": [ [ 105.061218000000139, 16.54734 ] ] } },
{ "type": "Feature", "properties": { "fid": "mekongdams.231", "date_updat": 0, "region": "Asia (SE)", "country": "Lao PDR", "prov_state": null, "project": "Unknown", "rivers": null, "basin": "Mekong", "latitude": 16.54734, "longitude": 105.061218, "purpose": "Unknown", "numb_dams": null, "capacity": 0.0, "size": "NoData", "turbines": null, "dam_height": 0.0, "res_elev": null, "res_area_k": null, "res_capmil": null, "certainty": null, "status": "Unknown", "china_ovrs": null, "cost_us_m": 0, "financier": null, "financier2": null, "financier3": null, "developer": null, "builder": null, "sionhydrob": null, "contractor": null, "operator": null, "risk_insr": null, "start_date": 0, "complet_da": "Unknown", "oper_date": null, "hist_notes": null, "trans_line": null, "approv_not": null, "mdb_risk_c": null, "mdb_loan_t": null, "mdb_status": null, "proj_desc": null, "resettl_ge": null, "resettl_pe": null, "resettl_ho": null, "local_name": null, "notes": null, "source": null, "cartodb_id": 188, "created_at": "2015-07-13", "updated_at": "2015-07-13" }, "geometry": { "type": "MultiPoint", "coordinates": [ [ 105.061218000000139, 16.54734 ] ] } },
{ "type": "Feature", "properties": { "fid": "mekongdams.237", "date_updat": 0, "region": "Asia (SE)", "country": "Lao PDR", "prov_state": null, "project": "Xe Bang Hieng 2", "rivers": null, "basin": "Mekong", "latitude": 16.84816, "longitude": 106.300819, "purpose": "Hydropower", "numb_dams": null, "capacity": 16.0, "size": "Large", "turbines": null, "dam_height": 76.0, "res_elev": null, "res_area_k": null, "res_capmil": null, "certainty": null, "status": "Planned", "china_ovrs": null, "cost_us_m": 0, "financier": null, "financier2": null, "financier3": null, "developer": null, "builder": null, "sionhydrob": null, "contractor": null, "operator": null, "risk_insr": null, "start_date": 0, "complet_da": "2020", "oper_date": null, "hist_notes": null, "trans_line": null, "approv_not": null, "mdb_risk_c": null, "mdb_loan_t": null, "mdb_status": null, "proj_desc": null, "resettl_ge": null, "resettl_pe": null, "resettl_ho": null, "local_name": null, "notes": null, "source": null, "cartodb_id": 189, "created_at": "2015-07-13", "updated_at": "2015-07-13" }, "geometry": { "type": "MultiPoint", "coordinates": [ [ 106.300819000000132, 16.84816 ] ] } },
{ "type": "Feature", "properties": { "fid": "mekongdams.240", "date_updat": 0, "region": "Asia (SE)", "country": "Lao PDR", "prov_state": null, "project": "Xe Bang Fai", "rivers": null, "basin": "Mekong", "latitude": 17.23711, "longitude": 105.100327, "purpose": "Hydropower", "numb_dams": null, "capacity": 107.0, "size": "Large", "turbines": null, "dam_height": 103.0, "res_elev": null, "res_area_k": null, "res_capmil": null, "certainty": null, "status": "Planned", "china_ovrs": null, "cost_us_m": 0, "financier": null, "financier2": null, "financier3": null, "developer": null, "builder": null, "sionhydrob": null, "contractor": null, "operator": null, "risk_insr": null, "start_date": 0, "complet_da": "2019", "oper_date": null, "hist_notes": null, "trans_line": null, "approv_not": null, "mdb_risk_c": null, "mdb_loan_t": null, "mdb_status": null, "proj_desc": null, "resettl_ge": null, "resettl_pe": null, "resettl_ho": null, "local_name": null, "notes": null, "source": null, "cartodb_id": 190, "created_at": "2015-07-13", "updated_at": "2015-07-13" }, "geometry": { "type": "MultiPoint", "coordinates": [ [ 105.100327000000135, 17.23711 ] ] } },
{ "type": "Feature", "properties": { "fid": "mekongdams.243", "date_updat": 0, "region": "Asia (SE)", "country": "Lao PDR", "prov_state": null, "project": "Xe Neua", "rivers": null, "basin": "Mekong", "latitude": 17.338659, "longitude": 105.905762, "purpose": "Hydropower", "numb_dams": null, "capacity": 60.0, "size": "Large", "turbines": null, "dam_height": 122.0, "res_elev": null, "res_area_k": null, "res_capmil": null, "certainty": null, "status": "Planned", "china_ovrs": null, "cost_us_m": 0, "financier": null, "financier2": null, "financier3": null, "developer": null, "builder": null, "sionhydrob": null, "contractor": null, "operator": null, "risk_insr": null, "start_date": 0, "complet_da": "2020", "oper_date": null, "hist_notes": null, "trans_line": null, "approv_not": null, "mdb_risk_c": null, "mdb_loan_t": null, "mdb_status": null, "proj_desc": null, "resettl_ge": null, "resettl_pe": null, "resettl_ho": null, "local_name": null, "notes": null, "source": null, "cartodb_id": 191, "created_at": "2015-07-13", "updated_at": "2015-07-13" }, "geometry": { "type": "MultiPoint", "coordinates": [ [ 105.905762000000124, 17.338659 ] ] } },
{ "type": "Feature", "properties": { "fid": "mekongdams.245", "date_updat": 0, "region": "Asia (SE)", "country": "Lao PDR", "prov_state": null, "project": "Sanakham", "rivers": "Mekong River", "basin": "Mekong", "latitude": 17.81464, "longitude": 101.537468, "purpose": "Hydropower", "numb_dams": null, "capacity": 700.0, "size": "Large", "turbines": null, "dam_height": 27.0, "res_elev": null, "res_area_k": null, "res_capmil": null, "certainty": null, "status": "Planned", "china_ovrs": null, "cost_us_m": 0, "financier": null, "financier2": null, "financier3": null, "developer": null, "builder": null, "sionhydrob": null, "contractor": null, "operator": null, "risk_insr": null, "start_date": 0, "complet_da": "2016", "oper_date": null, "hist_notes": null, "trans_line": null, "approv_not": null, "mdb_risk_c": null, "mdb_loan_t": null, "mdb_status": null, "proj_desc": null, "resettl_ge": null, "resettl_pe": null, "resettl_ho": null, "local_name": null, "notes": null, "source": null, "cartodb_id": 192, "created_at": "2015-07-13", "updated_at": "2015-07-13" }, "geometry": { "type": "MultiPoint", "coordinates": [ [ 101.537468000000132, 17.81464 ] ] } },
{ "type": "Feature", "properties": { "fid": "mekongdams.246", "date_updat": 0, "region": "Asia (SE)", "country": "Lao PDR", "prov_state": null, "project": "Nam Hinboun 1", "rivers": null, "basin": "Mekong", "latitude": 17.834101, "longitude": 104.511658, "purpose": "Hydropower", "numb_dams": null, "capacity": 45.0, "size": "Large", "turbines": null, "dam_height": 27.0, "res_elev": null, "res_area_k": null, "res_capmil": null, "certainty": null, "status": "Planned", "china_ovrs": null, "cost_us_m": 0, "financier": null, "financier2": null, "financier3": null, "developer": null, "builder": null, "sionhydrob": null, "contractor": null, "operator": null, "risk_insr": null, "start_date": 0, "complet_da": "2020", "oper_date": null, "hist_notes": null, "trans_line": null, "approv_not": null, "mdb_risk_c": null, "mdb_loan_t": null, "mdb_status": null, "proj_desc": null, "resettl_ge": null, "resettl_pe": null, "resettl_ho": null, "local_name": null, "notes": null, "source": null, "cartodb_id": 193, "created_at": "2015-07-13", "updated_at": "2015-07-13" }, "geometry": { "type": "MultiPoint", "coordinates": [ [ 104.511658, 17.834101 ] ] } },
{ "type": "Feature", "properties": { "fid": "mekongdams.248", "date_updat": 0, "region": "Asia (SE)", "country": "Lao PDR", "prov_state": null, "project": "Nam Hinboun 2", "rivers": null, "basin": "Mekong", "latitude": 17.87636, "longitude": 104.53318, "purpose": "Hydropower", "numb_dams": null, "capacity": 13.0, "size": "Large", "turbines": null, "dam_height": 67.0, "res_elev": null, "res_area_k": null, "res_capmil": null, "certainty": null, "status": "Planned", "china_ovrs": null, "cost_us_m": 0, "financier": null, "financier2": null, "financier3": null, "developer": null, "builder": null, "sionhydrob": null, "contractor": null, "operator": null, "risk_insr": null, "start_date": 0, "complet_da": "2019", "oper_date": null, "hist_notes": null, "trans_line": null, "approv_not": null, "mdb_risk_c": null, "mdb_loan_t": null, "mdb_status": null, "proj_desc": null, "resettl_ge": null, "resettl_pe": null, "resettl_ho": null, "local_name": null, "notes": null, "source": null, "cartodb_id": 194, "created_at": "2015-07-13", "updated_at": "2015-07-13" }, "geometry": { "type": "MultiPoint", "coordinates": [ [ 104.533180000000101, 17.87636 ] ] } },
{ "type": "Feature", "properties": { "fid": "mekongdams.249", "date_updat": 0, "region": "Asia (SE)", "country": "Lao PDR", "prov_state": null, "project": "Nam Theun 2", "rivers": "Nam Theun/Xe Bangfai", "basin": "Mekong", "latitude": 17.997351, "longitude": 104.952301, "purpose": "Hydropower", "numb_dams": null, "capacity": 1075.0, "size": "Large", "turbines": null, "dam_height": 155.0, "res_elev": null, "res_area_k": null, "res_capmil": null, "certainty": null, "status": "Operational", "china_ovrs": null, "cost_us_m": 0, "financier": null, "financier2": null, "financier3": null, "developer": null, "builder": null, "sionhydrob": null, "contractor": null, "operator": null, "risk_insr": null, "start_date": 0, "complet_da": "2009", "oper_date": null, "hist_notes": null, "trans_line": null, "approv_not": null, "mdb_risk_c": null, "mdb_loan_t": null, "mdb_status": null, "proj_desc": null, "resettl_ge": null, "resettl_pe": null, "resettl_ho": null, "local_name": null, "notes": null, "source": null, "cartodb_id": 195, "created_at": "2015-07-13", "updated_at": "2015-07-13" }, "geometry": { "type": "MultiPoint", "coordinates": [ [ 104.952301000000119, 17.997351 ] ] } },
{ "type": "Feature", "properties": { "fid": "mekongdams.250", "date_updat": 0, "region": "Asia (SE)", "country": "Lao PDR", "prov_state": null, "project": "Nam Ngum Dam (lower)", "rivers": "Ngum", "basin": "Mekong", "latitude": 18.130199, "longitude": 103.008057, "purpose": "Hydropower", "numb_dams": null, "capacity": 90.0, "size": "Large", "turbines": null, "dam_height": 47.0, "res_elev": null, "res_area_k": null, "res_capmil": null, "certainty": null, "status": "Planned", "china_ovrs": null, "cost_us_m": 0, "financier": null, "financier2": null, "financier3": null, "developer": null, "builder": null, "sionhydrob": null, "contractor": null, "operator": null, "risk_insr": null, "start_date": 0, "complet_da": "2018", "oper_date": null, "hist_notes": null, "trans_line": null, "approv_not": null, "mdb_risk_c": null, "mdb_loan_t": null, "mdb_status": null, "proj_desc": null, "resettl_ge": null, "resettl_pe": null, "resettl_ho": null, "local_name": null, "notes": null, "source": null, "cartodb_id": 196, "created_at": "2015-07-13", "updated_at": "2015-07-13" }, "geometry": { "type": "MultiPoint", "coordinates": [ [ 103.008057, 18.130199 ] ] } },
{ "type": "Feature", "properties": { "fid": "mekongdams.251", "date_updat": 0, "region": "Asia (SE)", "country": "Lao PDR", "prov_state": null, "project": "Unknown", "rivers": null, "basin": "Mekong", "latitude": 18.18014, "longitude": 102.466881, "purpose": "Unknown", "numb_dams": null, "capacity": 0.0, "size": "NoData", "turbines": null, "dam_height": 0.0, "res_elev": null, "res_area_k": null, "res_capmil": null, "certainty": null, "status": "Unknown", "china_ovrs": null, "cost_us_m": 0, "financier": null, "financier2": null, "financier3": null, "developer": null, "builder": null, "sionhydrob": null, "contractor": null, "operator": null, "risk_insr": null, "start_date": 0, "complet_da": "Unknown", "oper_date": null, "hist_notes": null, "trans_line": null, "approv_not": null, "mdb_risk_c": null, "mdb_loan_t": null, "mdb_status": null, "proj_desc": null, "resettl_ge": null, "resettl_pe": null, "resettl_ho": null, "local_name": null, "notes": null, "source": null, "cartodb_id": 197, "created_at": "2015-07-13", "updated_at": "2015-07-13" }, "geometry": { "type": "MultiPoint", "coordinates": [ [ 102.466881, 18.18014 ] ] } },
{ "type": "Feature", "properties": { "fid": "mekongdams.252", "date_updat": 0, "region": "Asia (SE)", "country": "Lao PDR", "prov_state": null, "project": "Unknown", "rivers": null, "basin": "Mekong", "latitude": 18.18014, "longitude": 102.466881, "purpose": "Unknown", "numb_dams": null, "capacity": 0.0, "size": "NoData", "turbines": null, "dam_height": 0.0, "res_elev": null, "res_area_k": null, "res_capmil": null, "certainty": null, "status": "Unknown", "china_ovrs": null, "cost_us_m": 0, "financier": null, "financier2": null, "financier3": null, "developer": null, "builder": null, "sionhydrob": null, "contractor": null, "operator": null, "risk_insr": null, "start_date": 0, "complet_da": "Unknown", "oper_date": null, "hist_notes": null, "trans_line": null, "approv_not": null, "mdb_risk_c": null, "mdb_loan_t": null, "mdb_status": null, "proj_desc": null, "resettl_ge": null, "resettl_pe": null, "resettl_ho": null, "local_name": null, "notes": null, "source": null, "cartodb_id": 198, "created_at": "2015-07-13", "updated_at": "2015-07-13" }, "geometry": { "type": "MultiPoint", "coordinates": [ [ 102.466881, 18.18014 ] ] } },
{ "type": "Feature", "properties": { "fid": "mekongdams.253", "date_updat": 0, "region": "Asia (SE)", "country": "Lao PDR", "prov_state": null, "project": "Santhing-Pakchom", "rivers": null, "basin": "Mekong", "latitude": 18.20343, "longitude": 102.054192, "purpose": "Hydropower", "numb_dams": null, "capacity": 1079.0, "size": "Large", "turbines": null, "dam_height": 45.0, "res_elev": null, "res_area_k": null, "res_capmil": null, "certainty": null, "status": "Planned", "china_ovrs": null, "cost_us_m": 0, "financier": null, "financier2": null, "financier3": null, "developer": null, "builder": null, "sionhydrob": null, "contractor": null, "operator": null, "risk_insr": null, "start_date": 0, "complet_da": "2017", "oper_date": null, "hist_notes": null, "trans_line": null, "approv_not": null, "mdb_risk_c": null, "mdb_loan_t": null, "mdb_status": null, "proj_desc": null, "resettl_ge": null, "resettl_pe": null, "resettl_ho": null, "local_name": null, "notes": null, "source": null, "cartodb_id": 199, "created_at": "2015-07-13", "updated_at": "2015-07-13" }, "geometry": { "type": "MultiPoint", "coordinates": [ [ 102.054192, 18.20343 ] ] } },
{ "type": "Feature", "properties": { "fid": "mekongdams.254", "date_updat": 0, "region": "Asia (SE)", "country": "Lao PDR", "prov_state": null, "project": "Pakchom", "rivers": "Mekong", "basin": "Mekong", "latitude": 18.203436, "longitude": 102.054197, "purpose": null, "numb_dams": null, "capacity": 1079.0, "size": null, "turbines": null, "dam_height": 0.0, "res_elev": null, "res_area_k": null, "res_capmil": null, "certainty": null, "status": "Planned", "china_ovrs": null, "cost_us_m": 0, "financier": null, "financier2": null, "financier3": null, "developer": null, "builder": null, "sionhydrob": null, "contractor": null, "operator": null, "risk_insr": null, "start_date": 0, "complet_da": "expected 2017", "oper_date": null, "hist_notes": null, "trans_line": null, "approv_not": null, "mdb_risk_c": null, "mdb_loan_t": null, "mdb_status": null, "proj_desc": null, "resettl_ge": null, "resettl_pe": null, "resettl_ho": null, "local_name": null, "notes": null, "source": null, "cartodb_id": 200, "created_at": "2015-07-13", "updated_at": "2015-07-13" }, "geometry": { "type": "MultiPoint", "coordinates": [ [ 102.054197, 18.203436 ] ] } },
{ "type": "Feature", "properties": { "fid": "mekongdams.255", "date_updat": 0, "region": "Asia (SE)", "country": "Lao PDR", "prov_state": null, "project": "Theun-Hinboun", "rivers": null, "basin": "Mekong", "latitude": 18.261, "longitude": 104.562523, "purpose": "Hydropower", "numb_dams": null, "capacity": 222.0, "size": "Large", "turbines": null, "dam_height": 65.0, "res_elev": null, "res_area_k": null, "res_capmil": null, "certainty": null, "status": "Operational", "china_ovrs": null, "cost_us_m": 0, "financier": null, "financier2": null, "financier3": null, "developer": null, "builder": null, "sionhydrob": null, "contractor": null, "operator": null, "risk_insr": null, "start_date": 0, "complet_da": "1998", "oper_date": null, "hist_notes": null, "trans_line": null, "approv_not": null, "mdb_risk_c": null, "mdb_loan_t": null, "mdb_status": null, "proj_desc": null, "resettl_ge": null, "resettl_pe": null, "resettl_ho": null, "local_name": null, "notes": null, "source": null, "cartodb_id": 201, "created_at": "2015-07-13", "updated_at": "2015-07-13" }, "geometry": { "type": "MultiPoint", "coordinates": [ [ 104.562523000000141, 18.261 ] ] } },
{ "type": "Feature", "properties": { "fid": "mekongdams.256", "date_updat": 0, "region": "Asia (SE)", "country": "Lao PDR", "prov_state": null, "project": "Theun Hinboun Expansion", "rivers": null, "basin": "Mekong", "latitude": 18.296499, "longitude": 104.635933, "purpose": "Hydropower", "numb_dams": null, "capacity": 210.0, "size": "Large", "turbines": null, "dam_height": 17.0, "res_elev": null, "res_area_k": null, "res_capmil": null, "certainty": null, "status": "Operational", "china_ovrs": null, "cost_us_m": 0, "financier": null, "financier2": null, "financier3": null, "developer": null, "builder": null, "sionhydrob": null, "contractor": null, "operator": null, "risk_insr": null, "start_date": 0, "complet_da": "2012", "oper_date": null, "hist_notes": null, "trans_line": null, "approv_not": null, "mdb_risk_c": null, "mdb_loan_t": null, "mdb_status": null, "proj_desc": null, "resettl_ge": null, "resettl_pe": null, "resettl_ho": null, "local_name": null, "notes": null, "source": null, "cartodb_id": 202, "created_at": "2015-07-13", "updated_at": "2015-07-13" }, "geometry": { "type": "MultiPoint", "coordinates": [ [ 104.635933000000108, 18.296499 ] ] } },
{ "type": "Feature", "properties": { "fid": "mekongdams.257", "date_updat": 0, "region": "Asia (SE)", "country": "Lao PDR", "prov_state": null, "project": "Unknown", "rivers": null, "basin": "Mekong", "latitude": 18.3034, "longitude": 102.439713, "purpose": "Unknown", "numb_dams": null, "capacity": 0.0, "size": "NoData", "turbines": null, "dam_height": 0.0, "res_elev": null, "res_area_k": null, "res_capmil": null, "certainty": null, "status": "Unknown", "china_ovrs": null, "cost_us_m": 0, "financier": null, "financier2": null, "financier3": null, "developer": null, "builder": null, "sionhydrob": null, "contractor": null, "operator": null, "risk_insr": null, "start_date": 0, "complet_da": "Unknown", "oper_date": null, "hist_notes": null, "trans_line": null, "approv_not": null, "mdb_risk_c": null, "mdb_loan_t": null, "mdb_status": null, "proj_desc": null, "resettl_ge": null, "resettl_pe": null, "resettl_ho": null, "local_name": null, "notes": null, "source": null, "cartodb_id": 203, "created_at": "2015-07-13", "updated_at": "2015-07-13" }, "geometry": { "type": "MultiPoint", "coordinates": [ [ 102.439713000000125, 18.3034 ] ] } },
{ "type": "Feature", "properties": { "fid": "mekongdams.258", "date_updat": 0, "region": "Asia (SE)", "country": "Lao PDR", "prov_state": null, "project": "Unknown", "rivers": null, "basin": "Mekong", "latitude": 18.3034, "longitude": 102.439713, "purpose": "Unknown", "numb_dams": null, "capacity": 0.0, "size": "NoData", "turbines": null, "dam_height": 0.0, "res_elev": null, "res_area_k": null, "res_capmil": null, "certainty": null, "status": "Unknown", "china_ovrs": null, "cost_us_m": 0, "financier": null, "financier2": null, "financier3": null, "developer": null, "builder": null, "sionhydrob": null, "contractor": null, "operator": null, "risk_insr": null, "start_date": 0, "complet_da": "Unknown", "oper_date": null, "hist_notes": null, "trans_line": null, "approv_not": null, "mdb_risk_c": null, "mdb_loan_t": null, "mdb_status": null, "proj_desc": null, "resettl_ge": null, "resettl_pe": null, "resettl_ho": null, "local_name": null, "notes": null, "source": null, "cartodb_id": 204, "created_at": "2015-07-13", "updated_at": "2015-07-13" }, "geometry": { "type": "MultiPoint", "coordinates": [ [ 102.439713000000125, 18.3034 ] ] } },
{ "type": "Feature", "properties": { "fid": "mekongdams.259", "date_updat": 0, "region": "Asia (SE)", "country": "Lao PDR", "prov_state": null, "project": "Pak Lay (Option 1)", "rivers": null, "basin": "Mekong", "latitude": 18.32836, "longitude": 101.525497, "purpose": "Hydropower", "numb_dams": null, "capacity": 1320.0, "size": "Small", "turbines": null, "dam_height": 6.0, "res_elev": null, "res_area_k": null, "res_capmil": null, "certainty": null, "status": "Planned", "china_ovrs": null, "cost_us_m": 0, "financier": null, "financier2": null, "financier3": null, "developer": null, "builder": null, "sionhydrob": null, "contractor": null, "operator": null, "risk_insr": null, "start_date": 0, "complet_da": "2016", "oper_date": null, "hist_notes": null, "trans_line": null, "approv_not": null, "mdb_risk_c": null, "mdb_loan_t": null, "mdb_status": null, "proj_desc": null, "resettl_ge": null, "resettl_pe": null, "resettl_ho": null, "local_name": null, "notes": null, "source": null, "cartodb_id": 205, "created_at": "2015-07-13", "updated_at": "2015-07-13" }, "geometry": { "type": "MultiPoint", "coordinates": [ [ 101.525497, 18.32836 ] ] } },
{ "type": "Feature", "properties": { "fid": "mekongdams.260", "date_updat": 0, "region": "Asia (SE)", "country": "Lao PDR", "prov_state": null, "project": "Paklay (option 1)", "rivers": "Mekong", "basin": "Mekong", "latitude": 18.329425, "longitude": 101.522014, "purpose": null, "numb_dams": null, "capacity": 1320.0, "size": null, "turbines": null, "dam_height": 0.0, "res_elev": null, "res_area_k": null, "res_capmil": null, "certainty": null, "status": "Planned", "china_ovrs": null, "cost_us_m": 0, "financier": null, "financier2": null, "financier3": null, "developer": null, "builder": null, "sionhydrob": null, "contractor": null, "operator": null, "risk_insr": null, "start_date": 0, "complet_da": "expected 2016", "oper_date": null, "hist_notes": null, "trans_line": null, "approv_not": null, "mdb_risk_c": null, "mdb_loan_t": null, "mdb_status": null, "proj_desc": null, "resettl_ge": null, "resettl_pe": null, "resettl_ho": null, "local_name": null, "notes": null, "source": null, "cartodb_id": 206, "created_at": "2015-07-13", "updated_at": "2015-07-13" }, "geometry": { "type": "MultiPoint", "coordinates": [ [ 101.522014, 18.329425 ] ] } },
{ "type": "Feature", "properties": { "fid": "mekongdams.261", "date_updat": 0, "region": "Asia (SE)", "country": "Lao PDR", "prov_state": null, "project": "Nam Mang 3", "rivers": "Nam Mang", "basin": "Mekong", "latitude": 18.35433, "longitude": 102.803841, "purpose": "Hydropower", "numb_dams": null, "capacity": 40.0, "size": "Large", "turbines": null, "dam_height": 34.0, "res_elev": null, "res_area_k": null, "res_capmil": null, "certainty": null, "status": "Operational", "china_ovrs": null, "cost_us_m": 0, "financier": null, "financier2": null, "financier3": null, "developer": null, "builder": null, "sionhydrob": null, "contractor": null, "operator": null, "risk_insr": null, "start_date": 0, "complet_da": "2004", "oper_date": null, "hist_notes": null, "trans_line": null, "approv_not": null, "mdb_risk_c": null, "mdb_loan_t": null, "mdb_status": null, "proj_desc": null, "resettl_ge": null, "resettl_pe": null, "resettl_ho": null, "local_name": null, "notes": null, "source": null, "cartodb_id": 207, "created_at": "2015-07-13", "updated_at": "2015-07-13" }, "geometry": { "type": "MultiPoint", "coordinates": [ [ 102.803841000000119, 18.35433 ] ] } },
{ "type": "Feature", "properties": { "fid": "mekongdams.262", "date_updat": 0, "region": "Asia (SE)", "country": "Lao PDR", "prov_state": null, "project": "Nam Theun 1", "rivers": "Tha River", "basin": "Mekong", "latitude": 18.35673, "longitude": 104.14801, "purpose": "Hydropower", "numb_dams": null, "capacity": 523.0, "size": "Large", "turbines": null, "dam_height": 65.0, "res_elev": null, "res_area_k": null, "res_capmil": null, "certainty": null, "status": "Planned", "china_ovrs": null, "cost_us_m": 0, "financier": null, "financier2": null, "financier3": null, "developer": null, "builder": null, "sionhydrob": null, "contractor": null, "operator": null, "risk_insr": null, "start_date": 0, "complet_da": "2014", "oper_date": null, "hist_notes": null, "trans_line": null, "approv_not": null, "mdb_risk_c": null, "mdb_loan_t": null, "mdb_status": null, "proj_desc": null, "resettl_ge": null, "resettl_pe": null, "resettl_ho": null, "local_name": null, "notes": null, "source": null, "cartodb_id": 208, "created_at": "2015-07-13", "updated_at": "2015-07-13" }, "geometry": { "type": "MultiPoint", "coordinates": [ [ 104.14801, 18.35673 ] ] } },
{ "type": "Feature", "properties": { "fid": "mekongdams.263", "date_updat": 0, "region": "Asia (SE)", "country": "Lao PDR", "prov_state": null, "project": "Pak Lay (Option 2)", "rivers": null, "basin": "Mekong", "latitude": 18.40169, "longitude": 101.58316, "purpose": "Hydropower", "numb_dams": null, "capacity": 0.0, "size": "NoData", "turbines": null, "dam_height": 0.0, "res_elev": null, "res_area_k": null, "res_capmil": null, "certainty": null, "status": "Planned", "china_ovrs": null, "cost_us_m": 0, "financier": null, "financier2": null, "financier3": null, "developer": null, "builder": null, "sionhydrob": null, "contractor": null, "operator": null, "risk_insr": null, "start_date": 0, "complet_da": "Unknown", "oper_date": null, "hist_notes": null, "trans_line": null, "approv_not": null, "mdb_risk_c": null, "mdb_loan_t": null, "mdb_status": null, "proj_desc": null, "resettl_ge": null, "resettl_pe": null, "resettl_ho": null, "local_name": null, "notes": null, "source": null, "cartodb_id": 209, "created_at": "2015-07-13", "updated_at": "2015-07-13" }, "geometry": { "type": "MultiPoint", "coordinates": [ [ 101.583160000000106, 18.40169 ] ] } },
{ "type": "Feature", "properties": { "fid": "mekongdams.264", "date_updat": 0, "region": "Asia (SE)", "country": "Lao PDR", "prov_state": null, "project": "Paklay (option 2)", "rivers": "Mekong", "basin": "Mekong", "latitude": 18.401706, "longitude": 101.583167, "purpose": null, "numb_dams": null, "capacity": 0.0, "size": null, "turbines": null, "dam_height": 0.0, "res_elev": null, "res_area_k": null, "res_capmil": null, "certainty": null, "status": "Planned", "china_ovrs": null, "cost_us_m": 0, "financier": null, "financier2": null, "financier3": null, "developer": null, "builder": null, "sionhydrob": null, "contractor": null, "operator": null, "risk_insr": null, "start_date": 0, "complet_da": "expected 2016", "oper_date": null, "hist_notes": null, "trans_line": null, "approv_not": null, "mdb_risk_c": null, "mdb_loan_t": null, "mdb_status": null, "proj_desc": null, "resettl_ge": null, "resettl_pe": null, "resettl_ho": null, "local_name": null, "notes": null, "source": null, "cartodb_id": 210, "created_at": "2015-07-13", "updated_at": "2015-07-13" }, "geometry": { "type": "MultiPoint", "coordinates": [ [ 101.583167, 18.401706 ] ] } },
{ "type": "Feature", "properties": { "fid": "mekongdams.265", "date_updat": 0, "region": "Asia (SE)", "country": "Lao PDR", "prov_state": null, "project": "Nam Leuk", "rivers": "Vientiane", "basin": "Mekong", "latitude": 18.437401, "longitude": 102.946747, "purpose": "Hydropower", "numb_dams": null, "capacity": 60.0, "size": "Large", "turbines": null, "dam_height": 46.5, "res_elev": null, "res_area_k": null, "res_capmil": null, "certainty": null, "status": "Operational", "china_ovrs": null, "cost_us_m": 0, "financier": null, "financier2": null, "financier3": null, "developer": null, "builder": null, "sionhydrob": null, "contractor": null, "operator": null, "risk_insr": null, "start_date": 0, "complet_da": "2000", "oper_date": null, "hist_notes": null, "trans_line": null, "approv_not": null, "mdb_risk_c": null, "mdb_loan_t": null, "mdb_status": null, "proj_desc": null, "resettl_ge": null, "resettl_pe": null, "resettl_ho": null, "local_name": null, "notes": null, "source": null, "cartodb_id": 211, "created_at": "2015-07-13", "updated_at": "2015-07-13" }, "geometry": { "type": "MultiPoint", "coordinates": [ [ 102.946747, 18.437401 ] ] } },
{ "type": "Feature", "properties": { "fid": "mekongdams.266", "date_updat": 0, "region": "Asia (SE)", "country": "Lao PDR", "prov_state": null, "project": "Nam Poun", "rivers": null, "basin": "Mekong", "latitude": 18.463131, "longitude": 101.468468, "purpose": "Hydropower", "numb_dams": null, "capacity": 84.9, "size": "Large", "turbines": null, "dam_height": 22.0, "res_elev": null, "res_area_k": null, "res_capmil": null, "certainty": null, "status": "Planned", "china_ovrs": null, "cost_us_m": 0, "financier": null, "financier2": null, "financier3": null, "developer": null, "builder": null, "sionhydrob": null, "contractor": null, "operator": null, "risk_insr": null, "start_date": 0, "complet_da": "2019", "oper_date": null, "hist_notes": null, "trans_line": null, "approv_not": null, "mdb_risk_c": null, "mdb_loan_t": null, "mdb_status": null, "proj_desc": null, "resettl_ge": null, "resettl_pe": null, "resettl_ho": null, "local_name": null, "notes": null, "source": null, "cartodb_id": 212, "created_at": "2015-07-13", "updated_at": "2015-07-13" }, "geometry": { "type": "MultiPoint", "coordinates": [ [ 101.468468, 18.463131 ] ] } },
{ "type": "Feature", "properties": { "fid": "mekongdams.267", "date_updat": 0, "region": "Asia (SE)", "country": "Lao PDR", "prov_state": null, "project": "Nam Mang 1", "rivers": "Nam Mang", "basin": "Mekong", "latitude": 18.52483, "longitude": 103.192909, "purpose": "Hydropower", "numb_dams": null, "capacity": 51.0, "size": "Large", "turbines": null, "dam_height": 22.0, "res_elev": null, "res_area_k": null, "res_capmil": null, "certainty": null, "status": "Planned", "china_ovrs": null, "cost_us_m": 0, "financier": null, "financier2": null, "financier3": null, "developer": null, "builder": null, "sionhydrob": null, "contractor": null, "operator": null, "risk_insr": null, "start_date": 0, "complet_da": "2019", "oper_date": null, "hist_notes": null, "trans_line": null, "approv_not": null, "mdb_risk_c": null, "mdb_loan_t": null, "mdb_status": null, "proj_desc": null, "resettl_ge": null, "resettl_pe": null, "resettl_ho": null, "local_name": null, "notes": null, "source": null, "cartodb_id": 213, "created_at": "2015-07-13", "updated_at": "2015-07-13" }, "geometry": { "type": "MultiPoint", "coordinates": [ [ 103.192909, 18.52483 ] ] } },
{ "type": "Feature", "properties": { "fid": "mekongdams.268", "date_updat": 0, "region": "Asia (SE)", "country": "Lao PDR", "prov_state": null, "project": "Nam Ngum 1", "rivers": "Ngum", "basin": "Mekong", "latitude": 18.53104, "longitude": 102.547737, "purpose": "Hydropower", "numb_dams": null, "capacity": 148.7, "size": "Large", "turbines": null, "dam_height": 75.0, "res_elev": null, "res_area_k": null, "res_capmil": null, "certainty": null, "status": "Operational", "china_ovrs": null, "cost_us_m": 0, "financier": null, "financier2": null, "financier3": null, "developer": null, "builder": null, "sionhydrob": null, "contractor": null, "operator": null, "risk_insr": null, "start_date": 0, "complet_da": "1971", "oper_date": null, "hist_notes": null, "trans_line": null, "approv_not": null, "mdb_risk_c": null, "mdb_loan_t": null, "mdb_status": null, "proj_desc": null, "resettl_ge": null, "resettl_pe": null, "resettl_ho": null, "local_name": null, "notes": null, "source": null, "cartodb_id": 214, "created_at": "2015-07-13", "updated_at": "2015-07-13" }, "geometry": { "type": "MultiPoint", "coordinates": [ [ 102.547737000000126, 18.53104 ] ] } },
{ "type": "Feature", "properties": { "fid": "mekongdams.269", "date_updat": 0, "region": "Asia (SE)", "country": "Lao PDR", "prov_state": "near Vientiane", "project": "Nam Ngum", "rivers": "Ngum", "basin": "Mekong", "latitude": 18.533333, "longitude": 102.55, "purpose": null, "numb_dams": null, "capacity": 148.7, "size": null, "turbines": null, "dam_height": 0.0, "res_elev": null, "res_area_k": null, "res_capmil": null, "certainty": null, "status": "Operational", "china_ovrs": null, "cost_us_m": 0, "financier": null, "financier2": null, "financier3": null, "developer": "Electricite Du Lao", "builder": null, "sionhydrob": null, "contractor": null, "operator": null, "risk_insr": null, "start_date": 0, "complet_da": "1872", "oper_date": null, "hist_notes": null, "trans_line": null, "approv_not": null, "mdb_risk_c": null, "mdb_loan_t": null, "mdb_status": null, "proj_desc": null, "resettl_ge": null, "resettl_pe": null, "resettl_ho": null, "local_name": null, "notes": null, "source": null, "cartodb_id": 215, "created_at": "2015-07-13", "updated_at": "2015-07-13" }, "geometry": { "type": "MultiPoint", "coordinates": [ [ 102.55, 18.533333 ] ] } },
{ "type": "Feature", "properties": { "fid": "mekongdams.270", "date_updat": 0, "region": "Asia (SE)", "country": "Lao PDR", "prov_state": null, "project": "Nam Lik 1", "rivers": "Nam Lik", "basin": "Mekong", "latitude": 18.62118, "longitude": 102.385101, "purpose": "Hydropower", "numb_dams": null, "capacity": 60.0, "size": "Large", "turbines": null, "dam_height": 41.0, "res_elev": null, "res_area_k": null, "res_capmil": null, "certainty": null, "status": "Under Construction", "china_ovrs": null, "cost_us_m": 0, "financier": null, "financier2": null, "financier3": null, "developer": null, "builder": null, "sionhydrob": null, "contractor": null, "operator": null, "risk_insr": null, "start_date": 0, "complet_da": "2016", "oper_date": null, "hist_notes": null, "trans_line": null, "approv_not": null, "mdb_risk_c": null, "mdb_loan_t": null, "mdb_status": null, "proj_desc": null, "resettl_ge": null, "resettl_pe": null, "resettl_ho": null, "local_name": null, "notes": null, "source": null, "cartodb_id": 216, "created_at": "2015-07-13", "updated_at": "2015-07-13" }, "geometry": { "type": "MultiPoint", "coordinates": [ [ 102.385101000000105, 18.62118 ] ] } },
{ "type": "Feature", "properties": { "fid": "mekongdams.271", "date_updat": 0, "region": "Asia (SE)", "country": "Lao PDR", "prov_state": null, "project": "Nam Ngiep 1", "rivers": null, "basin": "Mekong", "latitude": 18.646351, "longitude": 103.521606, "purpose": "Hydropower", "numb_dams": null, "capacity": 260.0, "size": "Large", "turbines": null, "dam_height": 151.0, "res_elev": null, "res_area_k": null, "res_capmil": null, "certainty": null, "status": "Planned", "china_ovrs": null, "cost_us_m": 0, "financier": null, "financier2": null, "financier3": null, "developer": null, "builder": null, "sionhydrob": null, "contractor": null, "operator": null, "risk_insr": null, "start_date": 0, "complet_da": "2015", "oper_date": null, "hist_notes": null, "trans_line": null, "approv_not": null, "mdb_risk_c": null, "mdb_loan_t": null, "mdb_status": null, "proj_desc": null, "resettl_ge": null, "resettl_pe": null, "resettl_ho": null, "local_name": null, "notes": null, "source": null, "cartodb_id": 217, "created_at": "2015-07-13", "updated_at": "2015-07-13" }, "geometry": { "type": "MultiPoint", "coordinates": [ [ 103.521606, 18.646351 ] ] } },
{ "type": "Feature", "properties": { "fid": "mekongdams.272", "date_updat": 0, "region": "Asia (SE)", "country": "Lao PDR", "prov_state": null, "project": "Nam Ngiep Regulation Dam", "rivers": null, "basin": "Mekong", "latitude": 18.64712, "longitude": 103.551933, "purpose": "Hydropower", "numb_dams": null, "capacity": 16.8, "size": "Large", "turbines": null, "dam_height": 72.0, "res_elev": null, "res_area_k": null, "res_capmil": null, "certainty": null, "status": "Planned", "china_ovrs": null, "cost_us_m": 0, "financier": null, "financier2": null, "financier3": null, "developer": null, "builder": null, "sionhydrob": null, "contractor": null, "operator": null, "risk_insr": null, "start_date": 0, "complet_da": "2015", "oper_date": null, "hist_notes": null, "trans_line": null, "approv_not": null, "mdb_risk_c": null, "mdb_loan_t": null, "mdb_status": null, "proj_desc": null, "resettl_ge": null, "resettl_pe": null, "resettl_ho": null, "local_name": null, "notes": null, "source": null, "cartodb_id": 218, "created_at": "2015-07-13", "updated_at": "2015-07-13" }, "geometry": { "type": "MultiPoint", "coordinates": [ [ 103.551933000000105, 18.64712 ] ] } },
{ "type": "Feature", "properties": { "fid": "mekongdams.273", "date_updat": 0, "region": "Asia (SE)", "country": "Lao PDR", "prov_state": null, "project": "Nam Theun 4", "rivers": "Nam Theun/Xe Bangfai", "basin": "Mekong", "latitude": 18.67383, "longitude": 104.772141, "purpose": "Hydropower", "numb_dams": null, "capacity": 30.0, "size": "Large", "turbines": null, "dam_height": 90.0, "res_elev": null, "res_area_k": null, "res_capmil": null, "certainty": null, "status": "Planned", "china_ovrs": null, "cost_us_m": 0, "financier": null, "financier2": null, "financier3": null, "developer": null, "builder": null, "sionhydrob": null, "contractor": null, "operator": null, "risk_insr": null, "start_date": 0, "complet_da": "2020", "oper_date": null, "hist_notes": null, "trans_line": null, "approv_not": null, "mdb_risk_c": null, "mdb_loan_t": null, "mdb_status": null, "proj_desc": null, "resettl_ge": null, "resettl_pe": null, "resettl_ho": null, "local_name": null, "notes": null, "source": null, "cartodb_id": 219, "created_at": "2015-07-13", "updated_at": "2015-07-13" }, "geometry": { "type": "MultiPoint", "coordinates": [ [ 104.772141, 18.67383 ] ] } },
{ "type": "Feature", "properties": { "fid": "mekongdams.274", "date_updat": 0, "region": "Asia (SE)", "country": "Lao PDR", "prov_state": null, "project": "Nam Mouan", "rivers": null, "basin": "Mekong", "latitude": 18.75806, "longitude": 104.269608, "purpose": "Hydropower", "numb_dams": null, "capacity": 110.0, "size": "Large", "turbines": null, "dam_height": 214.0, "res_elev": null, "res_area_k": null, "res_capmil": null, "certainty": null, "status": "Planned", "china_ovrs": null, "cost_us_m": 0, "financier": null, "financier2": null, "financier3": null, "developer": null, "builder": null, "sionhydrob": null, "contractor": null, "operator": null, "risk_insr": null, "start_date": 0, "complet_da": "2020", "oper_date": null, "hist_notes": null, "trans_line": null, "approv_not": null, "mdb_risk_c": null, "mdb_loan_t": null, "mdb_status": null, "proj_desc": null, "resettl_ge": null, "resettl_pe": null, "resettl_ho": null, "local_name": null, "notes": null, "source": null, "cartodb_id": 220, "created_at": "2015-07-13", "updated_at": "2015-07-13" }, "geometry": { "type": "MultiPoint", "coordinates": [ [ 104.269608000000147, 18.75806 ] ] } },
{ "type": "Feature", "properties": { "fid": "mekongdams.275", "date_updat": 0, "region": "Asia (SE)", "country": "Lao PDR", "prov_state": null, "project": "Nam Ngum 2", "rivers": "Ngum", "basin": "Mekong", "latitude": 18.76528, "longitude": 102.778267, "purpose": "Hydropower", "numb_dams": null, "capacity": 615.0, "size": "Large", "turbines": null, "dam_height": 181.5, "res_elev": null, "res_area_k": null, "res_capmil": null, "certainty": null, "status": "Operational", "china_ovrs": null, "cost_us_m": 0, "financier": null, "financier2": null, "financier3": null, "developer": null, "builder": null, "sionhydrob": null, "contractor": null, "operator": null, "risk_insr": null, "start_date": 0, "complet_da": "2010", "oper_date": null, "hist_notes": null, "trans_line": null, "approv_not": null, "mdb_risk_c": null, "mdb_loan_t": null, "mdb_status": null, "proj_desc": null, "resettl_ge": null, "resettl_pe": null, "resettl_ho": null, "local_name": null, "notes": null, "source": null, "cartodb_id": 221, "created_at": "2015-07-13", "updated_at": "2015-07-13" }, "geometry": { "type": "MultiPoint", "coordinates": [ [ 102.778267000000113, 18.76528 ] ] } },
{ "type": "Feature", "properties": { "fid": "mekongdams.276", "date_updat": 0, "region": "Asia (SE)", "country": "Lao PDR", "prov_state": null, "project": "Nam San 2", "rivers": null, "basin": "Mekong", "latitude": 18.7803, "longitude": 103.815147, "purpose": "Hydropower", "numb_dams": null, "capacity": 60.0, "size": "Large", "turbines": null, "dam_height": 63.5, "res_elev": null, "res_area_k": null, "res_capmil": null, "certainty": null, "status": "Planned", "china_ovrs": null, "cost_us_m": 0, "financier": null, "financier2": null, "financier3": null, "developer": null, "builder": null, "sionhydrob": null, "contractor": null, "operator": null, "risk_insr": null, "start_date": 0, "complet_da": "2020", "oper_date": null, "hist_notes": null, "trans_line": null, "approv_not": null, "mdb_risk_c": null, "mdb_loan_t": null, "mdb_status": null, "proj_desc": null, "resettl_ge": null, "resettl_pe": null, "resettl_ho": null, "local_name": null, "notes": null, "source": null, "cartodb_id": 222, "created_at": "2015-07-13", "updated_at": "2015-07-13" }, "geometry": { "type": "MultiPoint", "coordinates": [ [ 103.815147, 18.7803 ] ] } },
{ "type": "Feature", "properties": { "fid": "mekongdams.277", "date_updat": 0, "region": "Asia (SE)", "country": "Lao PDR", "prov_state": null, "project": "Nam Lik 2", "rivers": "Nam Lik", "basin": "Mekong", "latitude": 18.79405, "longitude": 102.115433, "purpose": "Hydropower", "numb_dams": null, "capacity": 100.0, "size": "Large", "turbines": null, "dam_height": 169.0, "res_elev": null, "res_area_k": null, "res_capmil": null, "certainty": null, "status": "Operational", "china_ovrs": null, "cost_us_m": 0, "financier": null, "financier2": null, "financier3": null, "developer": null, "builder": null, "sionhydrob": null, "contractor": null, "operator": null, "risk_insr": null, "start_date": 0, "complet_da": "2010", "oper_date": null, "hist_notes": null, "trans_line": null, "approv_not": null, "mdb_risk_c": null, "mdb_loan_t": null, "mdb_status": null, "proj_desc": null, "resettl_ge": null, "resettl_pe": null, "resettl_ho": null, "local_name": null, "notes": null, "source": null, "cartodb_id": 223, "created_at": "2015-07-13", "updated_at": "2015-07-13" }, "geometry": { "type": "MultiPoint", "coordinates": [ [ 102.115433000000138, 18.79405 ] ] } },
{ "type": "Feature", "properties": { "fid": "mekongdams.278", "date_updat": 0, "region": "Asia (SE)", "country": "Lao PDR", "prov_state": null, "project": "Nam Khan 1", "rivers": "Nam Khan", "basin": "Mekong", "latitude": 18.80665, "longitude": 103.709457, "purpose": "Hydropower", "numb_dams": null, "capacity": 101.8, "size": "Large", "turbines": null, "dam_height": 220.0, "res_elev": null, "res_area_k": null, "res_capmil": null, "certainty": null, "status": "Planned", "china_ovrs": null, "cost_us_m": 0, "financier": null, "financier2": null, "financier3": null, "developer": null, "builder": null, "sionhydrob": null, "contractor": null, "operator": null, "risk_insr": null, "start_date": 0, "complet_da": "2019", "oper_date": null, "hist_notes": null, "trans_line": null, "approv_not": null, "mdb_risk_c": null, "mdb_loan_t": null, "mdb_status": null, "proj_desc": null, "resettl_ge": null, "resettl_pe": null, "resettl_ho": null, "local_name": null, "notes": null, "source": null, "cartodb_id": 224, "created_at": "2015-07-13", "updated_at": "2015-07-13" }, "geometry": { "type": "MultiPoint", "coordinates": [ [ 103.709457000000128, 18.80665 ] ] } },
{ "type": "Feature", "properties": { "fid": "mekongdams.279", "date_updat": 0, "region": "Asia (SE)", "country": "Lao PDR", "prov_state": null, "project": "Nam Phouan", "rivers": null, "basin": "Mekong", "latitude": 18.819464, "longitude": 103.364407, "purpose": null, "numb_dams": null, "capacity": 52.0, "size": "NoData", "turbines": null, "dam_height": 0.0, "res_elev": null, "res_area_k": null, "res_capmil": null, "certainty": null, "status": "Planned", "china_ovrs": null, "cost_us_m": 0, "financier": null, "financier2": null, "financier3": null, "developer": null, "builder": null, "sionhydrob": null, "contractor": null, "operator": null, "risk_insr": null, "start_date": 0, "complet_da": null, "oper_date": null, "hist_notes": null, "trans_line": null, "approv_not": null, "mdb_risk_c": null, "mdb_loan_t": null, "mdb_status": null, "proj_desc": null, "resettl_ge": null, "resettl_pe": null, "resettl_ho": null, "local_name": null, "notes": null, "source": null, "cartodb_id": 225, "created_at": "2015-07-13", "updated_at": "2015-07-13" }, "geometry": { "type": "MultiPoint", "coordinates": [ [ 103.364407, 18.819464 ] ] } },
{ "type": "Feature", "properties": { "fid": "mekongdams.280", "date_updat": 0, "region": "Asia (SE)", "country": "Lao PDR", "prov_state": null, "project": "Nam Feuang 1", "rivers": null, "basin": "Mekong", "latitude": 18.9286, "longitude": 101.918152, "purpose": "Hydropower", "numb_dams": null, "capacity": 28.0, "size": "Large", "turbines": null, "dam_height": 104.5, "res_elev": null, "res_area_k": null, "res_capmil": null, "certainty": null, "status": "Planned", "china_ovrs": null, "cost_us_m": 0, "financier": null, "financier2": null, "financier3": null, "developer": null, "builder": null, "sionhydrob": null, "contractor": null, "operator": null, "risk_insr": null, "start_date": 0, "complet_da": "2015", "oper_date": null, "hist_notes": null, "trans_line": null, "approv_not": null, "mdb_risk_c": null, "mdb_loan_t": null, "mdb_status": null, "proj_desc": null, "resettl_ge": null, "resettl_pe": null, "resettl_ho": null, "local_name": null, "notes": null, "source": null, "cartodb_id": 226, "created_at": "2015-07-13", "updated_at": "2015-07-13" }, "geometry": { "type": "MultiPoint", "coordinates": [ [ 101.918152, 18.9286 ] ] } },
{ "type": "Feature", "properties": { "fid": "mekongdams.281", "date_updat": 0, "region": "Asia (SE)", "country": "Lao PDR", "prov_state": null, "project": "Nam Pouy", "rivers": null, "basin": "Mekong", "latitude": 18.95373, "longitude": 101.752647, "purpose": "Hydropower", "numb_dams": null, "capacity": 43.7, "size": "Large", "turbines": null, "dam_height": 35.0, "res_elev": null, "res_area_k": null, "res_capmil": null, "certainty": null, "status": "Planned", "china_ovrs": null, "cost_us_m": 0, "financier": null, "financier2": null, "financier3": null, "developer": null, "builder": null, "sionhydrob": null, "contractor": null, "operator": null, "risk_insr": null, "start_date": 0, "complet_da": "2019", "oper_date": null, "hist_notes": null, "trans_line": null, "approv_not": null, "mdb_risk_c": null, "mdb_loan_t": null, "mdb_status": null, "proj_desc": null, "resettl_ge": null, "resettl_pe": null, "resettl_ho": null, "local_name": null, "notes": null, "source": null, "cartodb_id": 227, "created_at": "2015-07-13", "updated_at": "2015-07-13" }, "geometry": { "type": "MultiPoint", "coordinates": [ [ 101.752647, 18.95373 ] ] } },
{ "type": "Feature", "properties": { "fid": "mekongdams.282", "date_updat": 0, "region": "Asia (SE)", "country": "Lao PDR", "prov_state": null, "project": "Nam Ngum 3", "rivers": "Ngum", "basin": "Mekong", "latitude": 19.0833, "longitude": 102.87851, "purpose": "Hydropower", "numb_dams": null, "capacity": 440.0, "size": "Large", "turbines": null, "dam_height": 220.0, "res_elev": null, "res_area_k": null, "res_capmil": null, "certainty": null, "status": "Planned", "china_ovrs": null, "cost_us_m": 0, "financier": null, "financier2": null, "financier3": null, "developer": null, "builder": null, "sionhydrob": null, "contractor": null, "operator": null, "risk_insr": null, "start_date": 0, "complet_da": "2014", "oper_date": null, "hist_notes": null, "trans_line": null, "approv_not": null, "mdb_risk_c": null, "mdb_loan_t": null, "mdb_status": null, "proj_desc": null, "resettl_ge": null, "resettl_pe": null, "resettl_ho": null, "local_name": null, "notes": null, "source": null, "cartodb_id": 228, "created_at": "2015-07-13", "updated_at": "2015-07-13" }, "geometry": { "type": "MultiPoint", "coordinates": [ [ 102.87851, 19.0833 ] ] } },
{ "type": "Feature", "properties": { "fid": "mekongdams.283", "date_updat": 0, "region": "Asia (SE)", "country": "Lao PDR", "prov_state": null, "project": "Nam San 3B", "rivers": null, "basin": "Mekong", "latitude": 19.08563, "longitude": 103.604332, "purpose": "Hydropower", "numb_dams": null, "capacity": 38.0, "size": "Large", "turbines": null, "dam_height": 60.0, "res_elev": null, "res_area_k": null, "res_capmil": null, "certainty": null, "status": "Planned", "china_ovrs": null, "cost_us_m": 0, "financier": null, "financier2": null, "financier3": null, "developer": null, "builder": null, "sionhydrob": null, "contractor": null, "operator": null, "risk_insr": null, "start_date": 0, "complet_da": "2020", "oper_date": null, "hist_notes": null, "trans_line": null, "approv_not": null, "mdb_risk_c": null, "mdb_loan_t": null, "mdb_status": null, "proj_desc": null, "resettl_ge": null, "resettl_pe": null, "resettl_ho": null, "local_name": null, "notes": null, "source": null, "cartodb_id": 229, "created_at": "2015-07-13", "updated_at": "2015-07-13" }, "geometry": { "type": "MultiPoint", "coordinates": [ [ 103.604332000000142, 19.08563 ] ] } },
{ "type": "Feature", "properties": { "fid": "mekongdams.284", "date_updat": 0, "region": "Asia (SE)", "country": "Lao PDR", "prov_state": null, "project": "Nam Pay", "rivers": null, "basin": "Mekong", "latitude": 19.10853, "longitude": 102.754768, "purpose": "Hydropower", "numb_dams": null, "capacity": 62.0, "size": "Large", "turbines": null, "dam_height": 68.0, "res_elev": null, "res_area_k": null, "res_capmil": null, "certainty": null, "status": "Planned", "china_ovrs": null, "cost_us_m": 0, "financier": null, "financier2": null, "financier3": null, "developer": null, "builder": null, "sionhydrob": null, "contractor": null, "operator": null, "risk_insr": null, "start_date": 0, "complet_da": "2019", "oper_date": null, "hist_notes": null, "trans_line": null, "approv_not": null, "mdb_risk_c": null, "mdb_loan_t": null, "mdb_status": null, "proj_desc": null, "resettl_ge": null, "resettl_pe": null, "resettl_ho": null, "local_name": null, "notes": null, "source": null, "cartodb_id": 230, "created_at": "2015-07-13", "updated_at": "2015-07-13" }, "geometry": { "type": "MultiPoint", "coordinates": [ [ 102.754768, 19.10853 ] ] } },
{ "type": "Feature", "properties": { "fid": "mekongdams.285", "date_updat": 0, "region": "Asia (SE)", "country": "Lao PDR", "prov_state": null, "project": "Nam Pot", "rivers": null, "basin": "Mekong", "latitude": 19.1276, "longitude": 103.26606, "purpose": "Hydropower", "numb_dams": null, "capacity": 22.0, "size": "Large", "turbines": null, "dam_height": 26.0, "res_elev": null, "res_area_k": null, "res_capmil": null, "certainty": null, "status": "Planned", "china_ovrs": null, "cost_us_m": 0, "financier": null, "financier2": null, "financier3": null, "developer": null, "builder": null, "sionhydrob": null, "contractor": null, "operator": null, "risk_insr": null, "start_date": 0, "complet_da": "2018", "oper_date": null, "hist_notes": null, "trans_line": null, "approv_not": null, "mdb_risk_c": null, "mdb_loan_t": null, "mdb_status": null, "proj_desc": null, "resettl_ge": null, "resettl_pe": null, "resettl_ho": null, "local_name": null, "notes": null, "source": null, "cartodb_id": 231, "created_at": "2015-07-13", "updated_at": "2015-07-13" }, "geometry": { "type": "MultiPoint", "coordinates": [ [ 103.266060000000124, 19.1276 ] ] } },
{ "type": "Feature", "properties": { "fid": "mekongdams.286", "date_updat": 0, "region": "Asia (SE)", "country": "Lao PDR", "prov_state": null, "project": "Nam Feuang 2", "rivers": null, "basin": "Mekong", "latitude": 19.135059, "longitude": 101.938232, "purpose": "Hydropower", "numb_dams": null, "capacity": 25.0, "size": "Large", "turbines": null, "dam_height": 110.0, "res_elev": null, "res_area_k": null, "res_capmil": null, "certainty": null, "status": "Planned", "china_ovrs": null, "cost_us_m": 0, "financier": null, "financier2": null, "financier3": null, "developer": null, "builder": null, "sionhydrob": null, "contractor": null, "operator": null, "risk_insr": null, "start_date": 0, "complet_da": "2015", "oper_date": null, "hist_notes": null, "trans_line": null, "approv_not": null, "mdb_risk_c": null, "mdb_loan_t": null, "mdb_status": null, "proj_desc": null, "resettl_ge": null, "resettl_pe": null, "resettl_ho": null, "local_name": null, "notes": null, "source": null, "cartodb_id": 232, "created_at": "2015-07-13", "updated_at": "2015-07-13" }, "geometry": { "type": "MultiPoint", "coordinates": [ [ 101.938232, 19.135059 ] ] } },
{ "type": "Feature", "properties": { "fid": "mekongdams.287", "date_updat": 0, "region": "Asia (SE)", "country": "Lao PDR", "prov_state": null, "project": "Nam San 3", "rivers": null, "basin": "Mekong", "latitude": 19.142981, "longitude": 103.670197, "purpose": "Hydropower", "numb_dams": null, "capacity": 48.0, "size": "Large", "turbines": null, "dam_height": 85.0, "res_elev": null, "res_area_k": null, "res_capmil": null, "certainty": null, "status": "Planned", "china_ovrs": null, "cost_us_m": 0, "financier": null, "financier2": null, "financier3": null, "developer": null, "builder": null, "sionhydrob": null, "contractor": null, "operator": null, "risk_insr": null, "start_date": 0, "complet_da": "2014", "oper_date": null, "hist_notes": null, "trans_line": null, "approv_not": null, "mdb_risk_c": null, "mdb_loan_t": null, "mdb_status": null, "proj_desc": null, "resettl_ge": null, "resettl_pe": null, "resettl_ho": null, "local_name": null, "notes": null, "source": null, "cartodb_id": 233, "created_at": "2015-07-13", "updated_at": "2015-07-13" }, "geometry": { "type": "MultiPoint", "coordinates": [ [ 103.670197, 19.142981 ] ] } },
{ "type": "Feature", "properties": { "fid": "mekongdams.288", "date_updat": 0, "region": "Asia (SE)", "country": "Lao PDR", "prov_state": null, "project": "Nam Chian", "rivers": null, "basin": "Mekong", "latitude": 19.15358, "longitude": 103.544548, "purpose": "Hydropower", "numb_dams": null, "capacity": 148.0, "size": "Large", "turbines": null, "dam_height": 181.0, "res_elev": null, "res_area_k": null, "res_capmil": null, "certainty": null, "status": "Planned", "china_ovrs": null, "cost_us_m": 0, "financier": null, "financier2": null, "financier3": null, "developer": null, "builder": null, "sionhydrob": null, "contractor": null, "operator": null, "risk_insr": null, "start_date": 0, "complet_da": "2019", "oper_date": null, "hist_notes": null, "trans_line": null, "approv_not": null, "mdb_risk_c": null, "mdb_loan_t": null, "mdb_status": null, "proj_desc": null, "resettl_ge": null, "resettl_pe": null, "resettl_ho": null, "local_name": null, "notes": null, "source": null, "cartodb_id": 234, "created_at": "2015-07-13", "updated_at": "2015-07-13" }, "geometry": { "type": "MultiPoint", "coordinates": [ [ 103.544548, 19.15358 ] ] } },
{ "type": "Feature", "properties": { "fid": "mekongdams.290", "date_updat": 0, "region": "Asia (SE)", "country": "Lao PDR", "prov_state": null, "project": "Nam Ngieu", "rivers": null, "basin": "Mekong", "latitude": 19.188629, "longitude": 103.565239, "purpose": "Hydropower", "numb_dams": null, "capacity": 30.4, "size": "Large", "turbines": null, "dam_height": 47.0, "res_elev": null, "res_area_k": null, "res_capmil": null, "certainty": null, "status": "Planned", "china_ovrs": null, "cost_us_m": 0, "financier": null, "financier2": null, "financier3": null, "developer": null, "builder": null, "sionhydrob": null, "contractor": null, "operator": null, "risk_insr": null, "start_date": 0, "complet_da": "2020", "oper_date": null, "hist_notes": null, "trans_line": null, "approv_not": null, "mdb_risk_c": null, "mdb_loan_t": null, "mdb_status": null, "proj_desc": null, "resettl_ge": null, "resettl_pe": null, "resettl_ho": null, "local_name": null, "notes": null, "source": null, "cartodb_id": 235, "created_at": "2015-07-13", "updated_at": "2015-07-13" }, "geometry": { "type": "MultiPoint", "coordinates": [ [ 103.565239, 19.188629 ] ] } },
{ "type": "Feature", "properties": { "fid": "mekongdams.291", "date_updat": 0, "region": "Asia (SE)", "country": "Lao PDR", "prov_state": null, "project": "Xayaburi", "rivers": null, "basin": "Mekong", "latitude": 19.254, "longitude": 101.81369, "purpose": "Hydropower", "numb_dams": null, "capacity": 1285.0, "size": "Large", "turbines": null, "dam_height": 48.0, "res_elev": null, "res_area_k": null, "res_capmil": null, "certainty": null, "status": "Under Construction", "china_ovrs": null, "cost_us_m": 0, "financier": null, "financier2": null, "financier3": null, "developer": null, "builder": null, "sionhydrob": null, "contractor": null, "operator": null, "risk_insr": null, "start_date": 0, "complet_da": "2019", "oper_date": null, "hist_notes": null, "trans_line": null, "approv_not": null, "mdb_risk_c": null, "mdb_loan_t": null, "mdb_status": null, "proj_desc": null, "resettl_ge": null, "resettl_pe": null, "resettl_ho": null, "local_name": null, "notes": null, "source": null, "cartodb_id": 236, "created_at": "2015-07-13", "updated_at": "2015-07-13" }, "geometry": { "type": "MultiPoint", "coordinates": [ [ 101.81369000000015, 19.254 ] ] } },
{ "type": "Feature", "properties": { "fid": "mekongdams.292", "date_updat": 0, "region": "Asia (SE)", "country": "Lao PDR", "prov_state": null, "project": "Nam Feuang 3", "rivers": null, "basin": "Mekong", "latitude": 19.2561, "longitude": 102.088387, "purpose": "Hydropower", "numb_dams": null, "capacity": 20.0, "size": "Large", "turbines": null, "dam_height": 28.0, "res_elev": null, "res_area_k": null, "res_capmil": null, "certainty": null, "status": "Planned", "china_ovrs": null, "cost_us_m": 0, "financier": null, "financier2": null, "financier3": null, "developer": null, "builder": null, "sionhydrob": null, "contractor": null, "operator": null, "risk_insr": null, "start_date": 0, "complet_da": "2015", "oper_date": null, "hist_notes": null, "trans_line": null, "approv_not": null, "mdb_risk_c": null, "mdb_loan_t": null, "mdb_status": null, "proj_desc": null, "resettl_ge": null, "resettl_pe": null, "resettl_ho": null, "local_name": null, "notes": null, "source": null, "cartodb_id": 237, "created_at": "2015-07-13", "updated_at": "2015-07-13" }, "geometry": { "type": "MultiPoint", "coordinates": [ [ 102.088387, 19.2561 ] ] } },
{ "type": "Feature", "properties": { "fid": "mekongdams.295", "date_updat": 0, "region": "Asia (SE)", "country": "Lao PDR", "prov_state": null, "project": "Nam Ngum 5", "rivers": "Ngum", "basin": "Mekong", "latitude": 19.361469, "longitude": 102.626602, "purpose": "Hydropower", "numb_dams": null, "capacity": 120.0, "size": "Large", "turbines": null, "dam_height": 99.0, "res_elev": null, "res_area_k": null, "res_capmil": null, "certainty": null, "status": "Operational", "china_ovrs": null, "cost_us_m": 0, "financier": null, "financier2": null, "financier3": null, "developer": null, "builder": null, "sionhydrob": null, "contractor": null, "operator": null, "risk_insr": null, "start_date": 0, "complet_da": "2012", "oper_date": null, "hist_notes": null, "trans_line": null, "approv_not": null, "mdb_risk_c": null, "mdb_loan_t": null, "mdb_status": null, "proj_desc": null, "resettl_ge": null, "resettl_pe": null, "resettl_ho": null, "local_name": null, "notes": null, "source": null, "cartodb_id": 238, "created_at": "2015-07-13", "updated_at": "2015-07-13" }, "geometry": { "type": "MultiPoint", "coordinates": [ [ 102.626602, 19.361469 ] ] } },
{ "type": "Feature", "properties": { "fid": "mekongdams.296", "date_updat": 0, "region": "Asia (SE)", "country": "Lao PDR", "prov_state": null, "project": "Nam Ngum 4B", "rivers": "Ngum", "basin": "Mekong", "latitude": 19.41666, "longitude": 102.85273, "purpose": "Hydropower", "numb_dams": null, "capacity": 54.0, "size": "Large", "turbines": null, "dam_height": 75.0, "res_elev": null, "res_area_k": null, "res_capmil": null, "certainty": null, "status": "Planned", "china_ovrs": null, "cost_us_m": 0, "financier": null, "financier2": null, "financier3": null, "developer": null, "builder": null, "sionhydrob": null, "contractor": null, "operator": null, "risk_insr": null, "start_date": 0, "complet_da": "2018", "oper_date": null, "hist_notes": null, "trans_line": null, "approv_not": null, "mdb_risk_c": null, "mdb_loan_t": null, "mdb_status": null, "proj_desc": null, "resettl_ge": null, "resettl_pe": null, "resettl_ho": null, "local_name": null, "notes": null, "source": null, "cartodb_id": 239, "created_at": "2015-07-13", "updated_at": "2015-07-13" }, "geometry": { "type": "MultiPoint", "coordinates": [ [ 102.85273, 19.41666 ] ] } },
{ "type": "Feature", "properties": { "fid": "mekongdams.297", "date_updat": 0, "region": "Asia (SE)", "country": "Lao PDR", "prov_state": null, "project": "Nam Ngum 4A", "rivers": "Ngum", "basin": "Mekong", "latitude": 19.44046, "longitude": 102.998848, "purpose": "Hydropower", "numb_dams": null, "capacity": 54.0, "size": "Large", "turbines": null, "dam_height": 36.5, "res_elev": null, "res_area_k": null, "res_capmil": null, "certainty": null, "status": "Planned", "china_ovrs": null, "cost_us_m": 0, "financier": null, "financier2": null, "financier3": null, "developer": null, "builder": null, "sionhydrob": null, "contractor": null, "operator": null, "risk_insr": null, "start_date": 0, "complet_da": "2018", "oper_date": null, "hist_notes": null, "trans_line": null, "approv_not": null, "mdb_risk_c": null, "mdb_loan_t": null, "mdb_status": null, "proj_desc": null, "resettl_ge": null, "resettl_pe": null, "resettl_ho": null, "local_name": null, "notes": null, "source": null, "cartodb_id": 240, "created_at": "2015-07-13", "updated_at": "2015-07-13" }, "geometry": { "type": "MultiPoint", "coordinates": [ [ 102.998848000000152, 19.44046 ] ] } },
{ "type": "Feature", "properties": { "fid": "mekongdams.298", "date_updat": 0, "region": "Asia (SE)", "country": "Lao PDR", "prov_state": null, "project": "Nam Khan 2", "rivers": "Nam Khan", "basin": "Mekong", "latitude": 19.687679, "longitude": 102.320152, "purpose": "Hydropower", "numb_dams": null, "capacity": 130.0, "size": "Large", "turbines": null, "dam_height": 177.0, "res_elev": null, "res_area_k": null, "res_capmil": null, "certainty": null, "status": "Under Construction", "china_ovrs": null, "cost_us_m": 0, "financier": null, "financier2": null, "financier3": null, "developer": null, "builder": null, "sionhydrob": null, "contractor": null, "operator": null, "risk_insr": null, "start_date": 0, "complet_da": "2015", "oper_date": null, "hist_notes": null, "trans_line": null, "approv_not": null, "mdb_risk_c": null, "mdb_loan_t": null, "mdb_status": null, "proj_desc": null, "resettl_ge": null, "resettl_pe": null, "resettl_ho": null, "local_name": null, "notes": null, "source": null, "cartodb_id": 241, "created_at": "2015-07-13", "updated_at": "2015-07-13" }, "geometry": { "type": "MultiPoint", "coordinates": [ [ 102.320152, 19.687679 ] ] } },
{ "type": "Feature", "properties": { "fid": "mekongdams.299", "date_updat": 0, "region": "Asia (SE)", "country": "Lao PDR", "prov_state": null, "project": "Nam Khan 3", "rivers": "Nam Khan", "basin": "Mekong", "latitude": 19.759109, "longitude": 102.773781, "purpose": "Hydropower", "numb_dams": null, "capacity": 60.0, "size": "Large", "turbines": null, "dam_height": 151.0, "res_elev": null, "res_area_k": null, "res_capmil": null, "certainty": null, "status": "Under Construction", "china_ovrs": null, "cost_us_m": 0, "financier": null, "financier2": null, "financier3": null, "developer": null, "builder": null, "sionhydrob": null, "contractor": null, "operator": null, "risk_insr": null, "start_date": 0, "complet_da": "2015", "oper_date": null, "hist_notes": null, "trans_line": null, "approv_not": null, "mdb_risk_c": null, "mdb_loan_t": null, "mdb_status": null, "proj_desc": null, "resettl_ge": null, "resettl_pe": null, "resettl_ho": null, "local_name": null, "notes": null, "source": null, "cartodb_id": 242, "created_at": "2015-07-13", "updated_at": "2015-07-13" }, "geometry": { "type": "MultiPoint", "coordinates": [ [ 102.773781000000128, 19.759109 ] ] } },
{ "type": "Feature", "properties": { "fid": "mekongdams.300", "date_updat": 0, "region": "Asia (SE)", "country": "Lao PDR", "prov_state": null, "project": "Nam Dong", "rivers": null, "basin": "Mekong", "latitude": 19.820431, "longitude": 102.104462, "purpose": "Hydropower", "numb_dams": null, "capacity": 0.0, "size": "Large", "turbines": null, "dam_height": 101.0, "res_elev": null, "res_area_k": null, "res_capmil": null, "certainty": null, "status": "Operational", "china_ovrs": null, "cost_us_m": 0, "financier": null, "financier2": null, "financier3": null, "developer": null, "builder": null, "sionhydrob": null, "contractor": null, "operator": null, "risk_insr": null, "start_date": 0, "complet_da": "Unknown", "oper_date": null, "hist_notes": null, "trans_line": null, "approv_not": null, "mdb_risk_c": null, "mdb_loan_t": null, "mdb_status": null, "proj_desc": null, "resettl_ge": null, "resettl_pe": null, "resettl_ho": null, "local_name": null, "notes": null, "source": null, "cartodb_id": 243, "created_at": "2015-07-13", "updated_at": "2015-07-13" }, "geometry": { "type": "MultiPoint", "coordinates": [ [ 102.104462, 19.820431 ] ] } },
{ "type": "Feature", "properties": { "fid": "mekongdams.301", "date_updat": 0, "region": "Asia (SE)", "country": "Lao PDR", "prov_state": null, "project": "Pak Beng", "rivers": null, "basin": "Mekong", "latitude": 19.8503, "longitude": 101.029747, "purpose": "Hydropower", "numb_dams": null, "capacity": 1230.0, "size": "Large", "turbines": null, "dam_height": 28.0, "res_elev": null, "res_area_k": null, "res_capmil": null, "certainty": null, "status": "Planned", "china_ovrs": null, "cost_us_m": 0, "financier": null, "financier2": null, "financier3": null, "developer": null, "builder": null, "sionhydrob": null, "contractor": null, "operator": null, "risk_insr": null, "start_date": 0, "complet_da": "2016", "oper_date": null, "hist_notes": null, "trans_line": null, "approv_not": null, "mdb_risk_c": null, "mdb_loan_t": null, "mdb_status": null, "proj_desc": null, "resettl_ge": null, "resettl_pe": null, "resettl_ho": null, "local_name": null, "notes": null, "source": null, "cartodb_id": 244, "created_at": "2015-07-13", "updated_at": "2015-07-13" }, "geometry": { "type": "MultiPoint", "coordinates": [ [ 101.029747, 19.8503 ] ] } },
{ "type": "Feature", "properties": { "fid": "mekongdams.302", "date_updat": 0, "region": "Asia (SE)", "country": "Lao PDR", "prov_state": null, "project": "Nam Beng", "rivers": "Beng River", "basin": "Mekong", "latitude": 19.958349, "longitude": 101.217018, "purpose": "Hydropower", "numb_dams": null, "capacity": 30.0, "size": "Large", "turbines": null, "dam_height": 26.0, "res_elev": null, "res_area_k": null, "res_capmil": null, "certainty": null, "status": "Planned", "china_ovrs": null, "cost_us_m": 0, "financier": null, "financier2": null, "financier3": null, "developer": null, "builder": null, "sionhydrob": null, "contractor": null, "operator": null, "risk_insr": null, "start_date": 0, "complet_da": "2014", "oper_date": null, "hist_notes": null, "trans_line": null, "approv_not": null, "mdb_risk_c": null, "mdb_loan_t": null, "mdb_status": null, "proj_desc": null, "resettl_ge": null, "resettl_pe": null, "resettl_ho": null, "local_name": null, "notes": null, "source": null, "cartodb_id": 245, "created_at": "2015-07-13", "updated_at": "2015-07-13" }, "geometry": { "type": "MultiPoint", "coordinates": [ [ 101.217018000000138, 19.958349 ] ] } },
{ "type": "Feature", "properties": { "fid": "mekongdams.303", "date_updat": 0, "region": "Asia (SE)", "country": "Lao PDR", "prov_state": null, "project": "Nam Suang 1", "rivers": null, "basin": "Mekong", "latitude": 20.051729, "longitude": 102.328262, "purpose": "Hydropower", "numb_dams": null, "capacity": 40.0, "size": "Large", "turbines": null, "dam_height": 61.4, "res_elev": null, "res_area_k": null, "res_capmil": null, "certainty": null, "status": "Planned", "china_ovrs": null, "cost_us_m": 0, "financier": null, "financier2": null, "financier3": null, "developer": null, "builder": null, "sionhydrob": null, "contractor": null, "operator": null, "risk_insr": null, "start_date": 0, "complet_da": "2016", "oper_date": null, "hist_notes": null, "trans_line": null, "approv_not": null, "mdb_risk_c": null, "mdb_loan_t": null, "mdb_status": null, "proj_desc": null, "resettl_ge": null, "resettl_pe": null, "resettl_ho": null, "local_name": null, "notes": null, "source": null, "cartodb_id": 246, "created_at": "2015-07-13", "updated_at": "2015-07-13" }, "geometry": { "type": "MultiPoint", "coordinates": [ [ 102.328262000000137, 20.051729 ] ] } },
{ "type": "Feature", "properties": { "fid": "mekongdams.304", "date_updat": 0, "region": "Asia (SE)", "country": "Lao PDR", "prov_state": null, "project": "Luangprabang", "rivers": "Mekong", "basin": "Mekong", "latitude": 20.08012, "longitude": 102.177132, "purpose": "Hydropower", "numb_dams": null, "capacity": 1410.0, "size": "Large", "turbines": null, "dam_height": 46.0, "res_elev": null, "res_area_k": null, "res_capmil": null, "certainty": null, "status": "Planned", "china_ovrs": null, "cost_us_m": 0, "financier": null, "financier2": null, "financier3": null, "developer": null, "builder": null, "sionhydrob": null, "contractor": null, "operator": null, "risk_insr": null, "start_date": 0, "complet_da": "2016", "oper_date": null, "hist_notes": null, "trans_line": null, "approv_not": null, "mdb_risk_c": null, "mdb_loan_t": null, "mdb_status": null, "proj_desc": null, "resettl_ge": null, "resettl_pe": null, "resettl_ho": null, "local_name": null, "notes": null, "source": null, "cartodb_id": 247, "created_at": "2015-07-13", "updated_at": "2015-07-13" }, "geometry": { "type": "MultiPoint", "coordinates": [ [ 102.177132, 20.08012 ] ] } },
{ "type": "Feature", "properties": { "fid": "mekongdams.305", "date_updat": 0, "region": "Asia (SE)", "country": "Lao PDR", "prov_state": null, "project": "Nam Ou 1", "rivers": "Ou River", "basin": "Mekong", "latitude": 20.126659, "longitude": 102.303329, "purpose": "Hydropower", "numb_dams": null, "capacity": 180.0, "size": "Large", "turbines": null, "dam_height": 145.0, "res_elev": null, "res_area_k": null, "res_capmil": null, "certainty": null, "status": "Planned", "china_ovrs": null, "cost_us_m": 0, "financier": null, "financier2": null, "financier3": null, "developer": null, "builder": null, "sionhydrob": null, "contractor": null, "operator": null, "risk_insr": null, "start_date": 0, "complet_da": "2013", "oper_date": null, "hist_notes": null, "trans_line": null, "approv_not": null, "mdb_risk_c": null, "mdb_loan_t": null, "mdb_status": null, "proj_desc": null, "resettl_ge": null, "resettl_pe": null, "resettl_ho": null, "local_name": null, "notes": null, "source": null, "cartodb_id": 248, "created_at": "2015-07-13", "updated_at": "2015-07-13" }, "geometry": { "type": "MultiPoint", "coordinates": [ [ 102.303329, 20.126659 ] ] } },
{ "type": "Feature", "properties": { "fid": "mekongdams.306", "date_updat": 0, "region": "Asia (SE)", "country": "Lao PDR", "prov_state": null, "project": "Nam Suang 2", "rivers": null, "basin": "Mekong", "latitude": 20.14868, "longitude": 102.642601, "purpose": "Hydropower", "numb_dams": null, "capacity": 134.0, "size": "Large", "turbines": null, "dam_height": 103.0, "res_elev": null, "res_area_k": null, "res_capmil": null, "certainty": null, "status": "Planned", "china_ovrs": null, "cost_us_m": 0, "financier": null, "financier2": null, "financier3": null, "developer": null, "builder": null, "sionhydrob": null, "contractor": null, "operator": null, "risk_insr": null, "start_date": 0, "complet_da": "2016", "oper_date": null, "hist_notes": null, "trans_line": null, "approv_not": null, "mdb_risk_c": null, "mdb_loan_t": null, "mdb_status": null, "proj_desc": null, "resettl_ge": null, "resettl_pe": null, "resettl_ho": null, "local_name": null, "notes": null, "source": null, "cartodb_id": 249, "created_at": "2015-07-13", "updated_at": "2015-07-13" }, "geometry": { "type": "MultiPoint", "coordinates": [ [ 102.642601, 20.14868 ] ] } },
{ "type": "Feature", "properties": { "fid": "mekongdams.307", "date_updat": 0, "region": "Asia (SE)", "country": "Lao PDR", "prov_state": null, "project": "Nam Ngao", "rivers": null, "basin": "Mekong", "latitude": 20.156879, "longitude": 101.665329, "purpose": "Hydropower", "numb_dams": null, "capacity": 20.0, "size": "Large", "turbines": null, "dam_height": 65.0, "res_elev": null, "res_area_k": null, "res_capmil": null, "certainty": null, "status": "Planned", "china_ovrs": null, "cost_us_m": 0, "financier": null, "financier2": null, "financier3": null, "developer": null, "builder": null, "sionhydrob": null, "contractor": null, "operator": null, "risk_insr": null, "start_date": 0, "complet_da": "2019", "oper_date": null, "hist_notes": null, "trans_line": null, "approv_not": null, "mdb_risk_c": null, "mdb_loan_t": null, "mdb_status": null, "proj_desc": null, "resettl_ge": null, "resettl_pe": null, "resettl_ho": null, "local_name": null, "notes": null, "source": null, "cartodb_id": 250, "created_at": "2015-07-13", "updated_at": "2015-07-13" }, "geometry": { "type": "MultiPoint", "coordinates": [ [ 101.665329000000128, 20.156879 ] ] } },
{ "type": "Feature", "properties": { "fid": "mekongdams.308", "date_updat": 0, "region": "Asia (SE)", "country": "Lao PDR", "prov_state": null, "project": "Nam Tha 1", "rivers": "Tha River", "basin": "Mekong", "latitude": 20.24946, "longitude": 100.892433, "purpose": "Hydropower", "numb_dams": null, "capacity": 168.0, "size": "Large", "turbines": null, "dam_height": 64.0, "res_elev": null, "res_area_k": null, "res_capmil": null, "certainty": null, "status": "Planned", "china_ovrs": null, "cost_us_m": 0, "financier": null, "financier2": null, "financier3": null, "developer": null, "builder": null, "sionhydrob": null, "contractor": null, "operator": null, "risk_insr": null, "start_date": 0, "complet_da": "2013", "oper_date": null, "hist_notes": null, "trans_line": null, "approv_not": null, "mdb_risk_c": null, "mdb_loan_t": null, "mdb_status": null, "proj_desc": null, "resettl_ge": null, "resettl_pe": null, "resettl_ho": null, "local_name": null, "notes": null, "source": null, "cartodb_id": 251, "created_at": "2015-07-13", "updated_at": "2015-07-13" }, "geometry": { "type": "MultiPoint", "coordinates": [ [ 100.892433, 20.24946 ] ] } },
{ "type": "Feature", "properties": { "fid": "mekongdams.310", "date_updat": 0, "region": "Asia (SE)", "country": "Lao PDR", "prov_state": null, "project": "Nam Nga", "rivers": null, "basin": "Mekong", "latitude": 20.28113, "longitude": 102.206902, "purpose": "Hydropower", "numb_dams": null, "capacity": 97.8, "size": "Small", "turbines": null, "dam_height": 11.0, "res_elev": null, "res_area_k": null, "res_capmil": null, "certainty": null, "status": "Planned", "china_ovrs": null, "cost_us_m": 0, "financier": null, "financier2": null, "financier3": null, "developer": null, "builder": null, "sionhydrob": null, "contractor": null, "operator": null, "risk_insr": null, "start_date": 0, "complet_da": "2017", "oper_date": null, "hist_notes": null, "trans_line": null, "approv_not": null, "mdb_risk_c": null, "mdb_loan_t": null, "mdb_status": null, "proj_desc": null, "resettl_ge": null, "resettl_pe": null, "resettl_ho": null, "local_name": null, "notes": null, "source": null, "cartodb_id": 252, "created_at": "2015-07-13", "updated_at": "2015-07-13" }, "geometry": { "type": "MultiPoint", "coordinates": [ [ 102.206902, 20.28113 ] ] } },
{ "type": "Feature", "properties": { "fid": "mekongdams.311", "date_updat": 0, "region": "Asia (SE)", "country": "Lao PDR", "prov_state": null, "project": "Nam Ou 2", "rivers": "Ou River", "basin": "Mekong", "latitude": 20.349159, "longitude": 102.427353, "purpose": "Hydropower", "numb_dams": null, "capacity": 120.0, "size": "Small", "turbines": null, "dam_height": 4.7, "res_elev": null, "res_area_k": null, "res_capmil": null, "certainty": null, "status": "Under Construction", "china_ovrs": null, "cost_us_m": 0, "financier": null, "financier2": null, "financier3": null, "developer": null, "builder": null, "sionhydrob": null, "contractor": null, "operator": null, "risk_insr": null, "start_date": 0, "complet_da": "2016", "oper_date": null, "hist_notes": null, "trans_line": null, "approv_not": null, "mdb_risk_c": null, "mdb_loan_t": null, "mdb_status": null, "proj_desc": null, "resettl_ge": null, "resettl_pe": null, "resettl_ho": null, "local_name": null, "notes": null, "source": null, "cartodb_id": 253, "created_at": "2015-07-13", "updated_at": "2015-07-13" }, "geometry": { "type": "MultiPoint", "coordinates": [ [ 102.427353, 20.349159 ] ] } },
{ "type": "Feature", "properties": { "fid": "mekongdams.312", "date_updat": 0, "region": "Asia (SE)", "country": "Lao PDR", "prov_state": null, "project": "Nam Ou 3", "rivers": "Ou River", "basin": "Mekong", "latitude": 20.388109, "longitude": 102.449081, "purpose": "Hydropower", "numb_dams": null, "capacity": 300.0, "size": "Large", "turbines": null, "dam_height": 37.7, "res_elev": null, "res_area_k": null, "res_capmil": null, "certainty": null, "status": "Planned", "china_ovrs": null, "cost_us_m": 0, "financier": null, "financier2": null, "financier3": null, "developer": null, "builder": null, "sionhydrob": null, "contractor": null, "operator": null, "risk_insr": null, "start_date": 0, "complet_da": "2013", "oper_date": null, "hist_notes": null, "trans_line": null, "approv_not": null, "mdb_risk_c": null, "mdb_loan_t": null, "mdb_status": null, "proj_desc": null, "resettl_ge": null, "resettl_pe": null, "resettl_ho": null, "local_name": null, "notes": null, "source": null, "cartodb_id": 254, "created_at": "2015-07-13", "updated_at": "2015-07-13" }, "geometry": { "type": "MultiPoint", "coordinates": [ [ 102.44908100000012, 20.388109 ] ] } },
{ "type": "Feature", "properties": { "fid": "mekongdams.314", "date_updat": 0, "region": "Asia (SE)", "country": "Lao PDR", "prov_state": null, "project": "Nam Pha", "rivers": null, "basin": "Mekong", "latitude": 20.835011, "longitude": 100.63343, "purpose": "Hydropower", "numb_dams": null, "capacity": 147.2, "size": "Large", "turbines": null, "dam_height": 53.0, "res_elev": null, "res_area_k": null, "res_capmil": null, "certainty": null, "status": "Planned", "china_ovrs": null, "cost_us_m": 0, "financier": null, "financier2": null, "financier3": null, "developer": null, "builder": null, "sionhydrob": null, "contractor": null, "operator": null, "risk_insr": null, "start_date": 0, "complet_da": "2016", "oper_date": null, "hist_notes": null, "trans_line": null, "approv_not": null, "mdb_risk_c": null, "mdb_loan_t": null, "mdb_status": null, "proj_desc": null, "resettl_ge": null, "resettl_pe": null, "resettl_ho": null, "local_name": null, "notes": null, "source": null, "cartodb_id": 256, "created_at": "2015-07-13", "updated_at": "2015-07-13" }, "geometry": { "type": "MultiPoint", "coordinates": [ [ 100.633430000000118, 20.835011 ] ] } },
{ "type": "Feature", "properties": { "fid": "mekongdams.315", "date_updat": 0, "region": "Asia (SE)", "country": "Lao PDR", "prov_state": null, "project": "Nam Phak (Nam Ou)", "rivers": null, "basin": "Mekong", "latitude": 21.019911, "longitude": 102.022911, "purpose": "Hydropower", "numb_dams": null, "capacity": 5.1, "size": "Large", "turbines": null, "dam_height": 54.5, "res_elev": null, "res_area_k": null, "res_capmil": null, "certainty": null, "status": "Planned", "china_ovrs": null, "cost_us_m": 0, "financier": null, "financier2": null, "financier3": null, "developer": null, "builder": null, "sionhydrob": null, "contractor": null, "operator": null, "risk_insr": null, "start_date": 0, "complet_da": "2018", "oper_date": null, "hist_notes": null, "trans_line": null, "approv_not": null, "mdb_risk_c": null, "mdb_loan_t": null, "mdb_status": null, "proj_desc": null, "resettl_ge": null, "resettl_pe": null, "resettl_ho": null, "local_name": null, "notes": null, "source": null, "cartodb_id": 257, "created_at": "2015-07-13", "updated_at": "2015-07-13" }, "geometry": { "type": "MultiPoint", "coordinates": [ [ 102.022911, 21.019911 ] ] } },
{ "type": "Feature", "properties": { "fid": "mekongdams.316", "date_updat": 0, "region": "Asia (SE)", "country": "Lao PDR", "prov_state": null, "project": "Nam Ou 4", "rivers": "Ou River", "basin": "Mekong", "latitude": 21.134279, "longitude": 102.488457, "purpose": "Hydropower", "numb_dams": null, "capacity": 75.0, "size": "Large", "turbines": null, "dam_height": 77.0, "res_elev": null, "res_area_k": null, "res_capmil": null, "certainty": null, "status": "Planned", "china_ovrs": null, "cost_us_m": 0, "financier": null, "financier2": null, "financier3": null, "developer": null, "builder": null, "sionhydrob": null, "contractor": null, "operator": null, "risk_insr": null, "start_date": 0, "complet_da": "2014", "oper_date": null, "hist_notes": null, "trans_line": null, "approv_not": null, "mdb_risk_c": null, "mdb_loan_t": null, "mdb_status": null, "proj_desc": null, "resettl_ge": null, "resettl_pe": null, "resettl_ho": null, "local_name": null, "notes": null, "source": null, "cartodb_id": 258, "created_at": "2015-07-13", "updated_at": "2015-07-13" }, "geometry": { "type": "MultiPoint", "coordinates": [ [ 102.488457, 21.134279 ] ] } },
{ "type": "Feature", "properties": { "fid": "mekongdams.318", "date_updat": 0, "region": "Asia (SE)", "country": "Lao PDR", "prov_state": null, "project": "Nam Ou 5", "rivers": "Ou River", "basin": "Mekong", "latitude": 21.42576, "longitude": 102.345428, "purpose": "Hydropower", "numb_dams": null, "capacity": 240.0, "size": "NoData", "turbines": null, "dam_height": 0.0, "res_elev": null, "res_area_k": null, "res_capmil": null, "certainty": null, "status": "Under Construction", "china_ovrs": null, "cost_us_m": 0, "financier": null, "financier2": null, "financier3": null, "developer": null, "builder": null, "sionhydrob": null, "contractor": null, "operator": null, "risk_insr": null, "start_date": 0, "complet_da": "2016", "oper_date": null, "hist_notes": null, "trans_line": null, "approv_not": null, "mdb_risk_c": null, "mdb_loan_t": null, "mdb_status": null, "proj_desc": null, "resettl_ge": null, "resettl_pe": null, "resettl_ho": null, "local_name": null, "notes": null, "source": null, "cartodb_id": 259, "created_at": "2015-07-13", "updated_at": "2015-07-13" }, "geometry": { "type": "MultiPoint", "coordinates": [ [ 102.345428, 21.42576 ] ] } },
{ "type": "Feature", "properties": { "fid": "mekongdams.320", "date_updat": 0, "region": "Asia (SE)", "country": "Lao PDR", "prov_state": null, "project": "Nam Ou 7", "rivers": "Ou River", "basin": "Mekong", "latitude": 21.670139, "longitude": 102.313591, "purpose": "Hydropower", "numb_dams": null, "capacity": 180.0, "size": "Large", "turbines": null, "dam_height": 62.1, "res_elev": null, "res_area_k": null, "res_capmil": null, "certainty": null, "status": "Planned", "china_ovrs": null, "cost_us_m": 0, "financier": null, "financier2": null, "financier3": null, "developer": null, "builder": null, "sionhydrob": null, "contractor": null, "operator": null, "risk_insr": null, "start_date": 0, "complet_da": "2015", "oper_date": null, "hist_notes": null, "trans_line": null, "approv_not": null, "mdb_risk_c": null, "mdb_loan_t": null, "mdb_status": null, "proj_desc": null, "resettl_ge": null, "resettl_pe": null, "resettl_ho": null, "local_name": null, "notes": null, "source": null, "cartodb_id": 260, "created_at": "2015-07-13", "updated_at": "2015-07-13" }, "geometry": { "type": "MultiPoint", "coordinates": [ [ 102.313591000000116, 21.670139 ] ] } },
{ "type": "Feature", "properties": { "fid": "mekongdams.321", "date_updat": 0, "region": "Asia (SE)", "country": "Lao PDR", "prov_state": null, "project": "Nam Ou 6", "rivers": "Ou River", "basin": "Mekong", "latitude": 21.77836, "longitude": 102.196213, "purpose": "Hydropower", "numb_dams": null, "capacity": 180.0, "size": "NoData", "turbines": null, "dam_height": 0.0, "res_elev": null, "res_area_k": null, "res_capmil": null, "certainty": null, "status": "Under Construction", "china_ovrs": null, "cost_us_m": 0, "financier": null, "financier2": null, "financier3": null, "developer": null, "builder": null, "sionhydrob": null, "contractor": null, "operator": null, "risk_insr": null, "start_date": 0, "complet_da": "2016", "oper_date": null, "hist_notes": null, "trans_line": null, "approv_not": null, "mdb_risk_c": null, "mdb_loan_t": null, "mdb_status": null, "proj_desc": null, "resettl_ge": null, "resettl_pe": null, "resettl_ho": null, "local_name": null, "notes": null, "source": null, "cartodb_id": 261, "created_at": "2015-07-13", "updated_at": "2015-07-13" }, "geometry": { "type": "MultiPoint", "coordinates": [ [ 102.196213, 21.77836 ] ] } },
{ "type": "Feature", "properties": { "fid": "mekongdams.324", "date_updat": 0, "region": "Asia (SE)", "country": "Lao PDR", "prov_state": null, "project": "Nam Ngay", "rivers": null, "basin": "Mekong", "latitude": 21.80665, "longitude": 102.114151, "purpose": "Hydropower", "numb_dams": null, "capacity": 1.2, "size": "Large", "turbines": null, "dam_height": 55.0, "res_elev": null, "res_area_k": null, "res_capmil": null, "certainty": null, "status": "Operational", "china_ovrs": null, "cost_us_m": 0, "financier": null, "financier2": null, "financier3": null, "developer": null, "builder": null, "sionhydrob": null, "contractor": null, "operator": null, "risk_insr": null, "start_date": 0, "complet_da": "2002", "oper_date": null, "hist_notes": null, "trans_line": null, "approv_not": null, "mdb_risk_c": null, "mdb_loan_t": null, "mdb_status": null, "proj_desc": null, "resettl_ge": null, "resettl_pe": null, "resettl_ho": null, "local_name": null, "notes": null, "source": null, "cartodb_id": 262, "created_at": "2015-07-13", "updated_at": "2015-07-13" }, "geometry": { "type": "MultiPoint", "coordinates": [ [ 102.114151, 21.80665 ] ] } },
{ "type": "Feature", "properties": { "fid": "mekongdams.97", "date_updat": 0, "region": "Asia (SE)", "country": "Thailand", "prov_state": null, "project": "Unknown", "rivers": null, "basin": "Mekong", "latitude": 14.38355, "longitude": 101.702316, "purpose": "Unknown", "numb_dams": null, "capacity": 0.0, "size": "NoData", "turbines": null, "dam_height": 0.0, "res_elev": null, "res_area_k": null, "res_capmil": null, "certainty": null, "status": "Unknown", "china_ovrs": null, "cost_us_m": 0, "financier": null, "financier2": null, "financier3": null, "developer": null, "builder": null, "sionhydrob": null, "contractor": null, "operator": null, "risk_insr": null, "start_date": 0, "complet_da": "Unknown", "oper_date": null, "hist_notes": null, "trans_line": null, "approv_not": null, "mdb_risk_c": null, "mdb_loan_t": null, "mdb_status": null, "proj_desc": null, "resettl_ge": null, "resettl_pe": null, "resettl_ho": null, "local_name": null, "notes": null, "source": null, "cartodb_id": 265, "created_at": "2015-07-13", "updated_at": "2015-07-13" }, "geometry": { "type": "MultiPoint", "coordinates": [ [ 101.702316, 14.38355 ] ] } },
{ "type": "Feature", "properties": { "fid": "mekongdams.101", "date_updat": 0, "region": "Asia (SE)", "country": "Thailand", "prov_state": null, "project": "Unknown", "rivers": null, "basin": "Mekong", "latitude": 14.4211, "longitude": 102.26989, "purpose": "Unknown", "numb_dams": null, "capacity": 0.0, "size": "NoData", "turbines": null, "dam_height": 0.0, "res_elev": null, "res_area_k": null, "res_capmil": null, "certainty": null, "status": "Unknown", "china_ovrs": null, "cost_us_m": 0, "financier": null, "financier2": null, "financier3": null, "developer": null, "builder": null, "sionhydrob": null, "contractor": null, "operator": null, "risk_insr": null, "start_date": 0, "complet_da": "Unknown", "oper_date": null, "hist_notes": null, "trans_line": null, "approv_not": null, "mdb_risk_c": null, "mdb_loan_t": null, "mdb_status": null, "proj_desc": null, "resettl_ge": null, "resettl_pe": null, "resettl_ho": null, "local_name": null, "notes": null, "source": null, "cartodb_id": 267, "created_at": "2015-07-13", "updated_at": "2015-07-13" }, "geometry": { "type": "MultiPoint", "coordinates": [ [ 102.26989, 14.4211 ] ] } },
{ "type": "Feature", "properties": { "fid": "mekongdams.109", "date_updat": 0, "region": "Asia (SE)", "country": "Thailand", "prov_state": null, "project": "Unknown", "rivers": null, "basin": "Mekong", "latitude": 14.484, "longitude": 102.147369, "purpose": "Unknown", "numb_dams": null, "capacity": 0.0, "size": "NoData", "turbines": null, "dam_height": 0.0, "res_elev": null, "res_area_k": null, "res_capmil": null, "certainty": null, "status": "Unknown", "china_ovrs": null, "cost_us_m": 0, "financier": null, "financier2": null, "financier3": null, "developer": null, "builder": null, "sionhydrob": null, "contractor": null, "operator": null, "risk_insr": null, "start_date": 0, "complet_da": "Unknown", "oper_date": null, "hist_notes": null, "trans_line": null, "approv_not": null, "mdb_risk_c": null, "mdb_loan_t": null, "mdb_status": null, "proj_desc": null, "resettl_ge": null, "resettl_pe": null, "resettl_ho": null, "local_name": null, "notes": null, "source": null, "cartodb_id": 271, "created_at": "2015-07-13", "updated_at": "2015-07-13" }, "geometry": { "type": "MultiPoint", "coordinates": [ [ 102.147369000000111, 14.484 ] ] } },
{ "type": "Feature", "properties": { "fid": "mekongdams.131", "date_updat": 0, "region": "Asia (SE)", "country": "Thailand", "prov_state": null, "project": "Unknown", "rivers": null, "basin": "Mekong", "latitude": 14.67903, "longitude": 101.873077, "purpose": "Unknown", "numb_dams": null, "capacity": 0.0, "size": "NoData", "turbines": null, "dam_height": 0.0, "res_elev": null, "res_area_k": null, "res_capmil": null, "certainty": null, "status": "Unknown", "china_ovrs": null, "cost_us_m": 0, "financier": null, "financier2": null, "financier3": null, "developer": null, "builder": null, "sionhydrob": null, "contractor": null, "operator": null, "risk_insr": null, "start_date": 0, "complet_da": "Unknown", "oper_date": null, "hist_notes": null, "trans_line": null, "approv_not": null, "mdb_risk_c": null, "mdb_loan_t": null, "mdb_status": null, "proj_desc": null, "resettl_ge": null, "resettl_pe": null, "resettl_ho": null, "local_name": null, "notes": null, "source": null, "cartodb_id": 282, "created_at": "2015-07-13", "updated_at": "2015-07-13" }, "geometry": { "type": "MultiPoint", "coordinates": [ [ 101.873077000000109, 14.67903 ] ] } },
{ "type": "Feature", "properties": { "fid": "mekongdams.134", "date_updat": 0, "region": "Asia (SE)", "country": "Thailand", "prov_state": null, "project": "Unknown", "rivers": null, "basin": "Mekong", "latitude": 14.71013, "longitude": 102.55484, "purpose": "Unknown", "numb_dams": null, "capacity": 0.0, "size": "NoData", "turbines": null, "dam_height": 0.0, "res_elev": null, "res_area_k": null, "res_capmil": null, "certainty": null, "status": "Unknown", "china_ovrs": null, "cost_us_m": 0, "financier": null, "financier2": null, "financier3": null, "developer": null, "builder": null, "sionhydrob": null, "contractor": null, "operator": null, "risk_insr": null, "start_date": 0, "complet_da": "Unknown", "oper_date": null, "hist_notes": null, "trans_line": null, "approv_not": null, "mdb_risk_c": null, "mdb_loan_t": null, "mdb_status": null, "proj_desc": null, "resettl_ge": null, "resettl_pe": null, "resettl_ho": null, "local_name": null, "notes": null, "source": null, "cartodb_id": 284, "created_at": "2015-07-13", "updated_at": "2015-07-13" }, "geometry": { "type": "MultiPoint", "coordinates": [ [ 102.55484, 14.71013 ] ] } },
{ "type": "Feature", "properties": { "fid": "mekongdams.136", "date_updat": 0, "region": "Asia (SE)", "country": "Thailand", "prov_state": null, "project": "Unknown", "rivers": null, "basin": "Mekong", "latitude": 14.73262, "longitude": 104.586029, "purpose": "Unknown", "numb_dams": null, "capacity": 0.0, "size": "NoData", "turbines": null, "dam_height": 0.0, "res_elev": null, "res_area_k": null, "res_capmil": null, "certainty": null, "status": "Unknown", "china_ovrs": null, "cost_us_m": 0, "financier": null, "financier2": null, "financier3": null, "developer": null, "builder": null, "sionhydrob": null, "contractor": null, "operator": null, "risk_insr": null, "start_date": 0, "complet_da": "Unknown", "oper_date": null, "hist_notes": null, "trans_line": null, "approv_not": null, "mdb_risk_c": null, "mdb_loan_t": null, "mdb_status": null, "proj_desc": null, "resettl_ge": null, "resettl_pe": null, "resettl_ho": null, "local_name": null, "notes": null, "source": null, "cartodb_id": 285, "created_at": "2015-07-13", "updated_at": "2015-07-13" }, "geometry": { "type": "MultiPoint", "coordinates": [ [ 104.586029, 14.73262 ] ] } },
{ "type": "Feature", "properties": { "fid": "mekongdams.137", "date_updat": 0, "region": "Asia (SE)", "country": "Thailand", "prov_state": null, "project": "Unknown", "rivers": null, "basin": "Mekong", "latitude": 14.7631, "longitude": 103.545021, "purpose": "Unknown", "numb_dams": null, "capacity": 0.0, "size": "NoData", "turbines": null, "dam_height": 0.0, "res_elev": null, "res_area_k": null, "res_capmil": null, "certainty": null, "status": "Unknown", "china_ovrs": null, "cost_us_m": 0, "financier": null, "financier2": null, "financier3": null, "developer": null, "builder": null, "sionhydrob": null, "contractor": null, "operator": null, "risk_insr": null, "start_date": 0, "complet_da": "Unknown", "oper_date": null, "hist_notes": null, "trans_line": null, "approv_not": null, "mdb_risk_c": null, "mdb_loan_t": null, "mdb_status": null, "proj_desc": null, "resettl_ge": null, "resettl_pe": null, "resettl_ho": null, "local_name": null, "notes": null, "source": null, "cartodb_id": 286, "created_at": "2015-07-13", "updated_at": "2015-07-13" }, "geometry": { "type": "MultiPoint", "coordinates": [ [ 103.545021000000105, 14.7631 ] ] } },
{ "type": "Feature", "properties": { "fid": "mekongdams.138", "date_updat": 0, "region": "Asia (SE)", "country": "Thailand", "prov_state": null, "project": "Unknown", "rivers": null, "basin": "Mekong", "latitude": 14.81359, "longitude": 103.492538, "purpose": "Unknown", "numb_dams": null, "capacity": 0.0, "size": "NoData", "turbines": null, "dam_height": 0.0, "res_elev": null, "res_area_k": null, "res_capmil": null, "certainty": null, "status": "Unknown", "china_ovrs": null, "cost_us_m": 0, "financier": null, "financier2": null, "financier3": null, "developer": null, "builder": null, "sionhydrob": null, "contractor": null, "operator": null, "risk_insr": null, "start_date": 0, "complet_da": "Unknown", "oper_date": null, "hist_notes": null, "trans_line": null, "approv_not": null, "mdb_risk_c": null, "mdb_loan_t": null, "mdb_status": null, "proj_desc": null, "resettl_ge": null, "resettl_pe": null, "resettl_ho": null, "local_name": null, "notes": null, "source": null, "cartodb_id": 287, "created_at": "2015-07-13", "updated_at": "2015-07-13" }, "geometry": { "type": "MultiPoint", "coordinates": [ [ 103.49253800000011, 14.81359 ] ] } },
{ "type": "Feature", "properties": { "fid": "mekongdams.139", "date_updat": 0, "region": "Asia (SE)", "country": "Thailand", "prov_state": null, "project": "Unknown", "rivers": null, "basin": "Mekong", "latitude": 14.84614, "longitude": 105.478539, "purpose": "Unknown", "numb_dams": null, "capacity": 0.0, "size": "NoData", "turbines": null, "dam_height": 0.0, "res_elev": null, "res_area_k": null, "res_capmil": null, "certainty": null, "status": "Unknown", "china_ovrs": null, "cost_us_m": 0, "financier": null, "financier2": null, "financier3": null, "developer": null, "builder": null, "sionhydrob": null, "contractor": null, "operator": null, "risk_insr": null, "start_date": 0, "complet_da": "Unknown", "oper_date": null, "hist_notes": null, "trans_line": null, "approv_not": null, "mdb_risk_c": null, "mdb_loan_t": null, "mdb_status": null, "proj_desc": null, "resettl_ge": null, "resettl_pe": null, "resettl_ho": null, "local_name": null, "notes": null, "source": null, "cartodb_id": 288, "created_at": "2015-07-13", "updated_at": "2015-07-13" }, "geometry": { "type": "MultiPoint", "coordinates": [ [ 105.478539, 14.84614 ] ] } },
{ "type": "Feature", "properties": { "fid": "mekongdams.140", "date_updat": 0, "region": "Asia (SE)", "country": "Thailand", "prov_state": null, "project": "Unknown", "rivers": null, "basin": "Mekong", "latitude": 14.85156, "longitude": 101.702217, "purpose": "Unknown", "numb_dams": null, "capacity": 0.0, "size": "NoData", "turbines": null, "dam_height": 0.0, "res_elev": null, "res_area_k": null, "res_capmil": null, "certainty": null, "status": "Unknown", "china_ovrs": null, "cost_us_m": 0, "financier": null, "financier2": null, "financier3": null, "developer": null, "builder": null, "sionhydrob": null, "contractor": null, "operator": null, "risk_insr": null, "start_date": 0, "complet_da": "Unknown", "oper_date": null, "hist_notes": null, "trans_line": null, "approv_not": null, "mdb_risk_c": null, "mdb_loan_t": null, "mdb_status": null, "proj_desc": null, "resettl_ge": null, "resettl_pe": null, "resettl_ho": null, "local_name": null, "notes": null, "source": null, "cartodb_id": 289, "created_at": "2015-07-13", "updated_at": "2015-07-13" }, "geometry": { "type": "MultiPoint", "coordinates": [ [ 101.702217000000104, 14.85156 ] ] } },
{ "type": "Feature", "properties": { "fid": "mekongdams.141", "date_updat": 0, "region": "Asia (SE)", "country": "Thailand", "prov_state": null, "project": "Lam Ta Khong P.S.", "rivers": null, "basin": "Mekong", "latitude": 14.86517, "longitude": 101.560303, "purpose": "Hydropower", "numb_dams": null, "capacity": 500.0, "size": "Large", "turbines": null, "dam_height": 40.0, "res_elev": null, "res_area_k": null, "res_capmil": null, "certainty": null, "status": "Operational", "china_ovrs": null, "cost_us_m": 0, "financier": null, "financier2": null, "financier3": null, "developer": null, "builder": null, "sionhydrob": null, "contractor": null, "operator": null, "risk_insr": null, "start_date": 0, "complet_da": "2001", "oper_date": null, "hist_notes": null, "trans_line": null, "approv_not": null, "mdb_risk_c": null, "mdb_loan_t": null, "mdb_status": null, "proj_desc": null, "resettl_ge": null, "resettl_pe": null, "resettl_ho": null, "local_name": null, "notes": null, "source": null, "cartodb_id": 290, "created_at": "2015-07-13", "updated_at": "2015-07-13" }, "geometry": { "type": "MultiPoint", "coordinates": [ [ 101.560303, 14.86517 ] ] } },
{ "type": "Feature", "properties": { "fid": "mekongdams.142", "date_updat": 0, "region": "Asia (SE)", "country": "Thailand", "prov_state": null, "project": "Lam Takong Dam", "rivers": null, "basin": "Mekong", "latitude": 14.86517, "longitude": 101.560303, "purpose": "IRR", "numb_dams": null, "capacity": 0.0, "size": "NoData", "turbines": null, "dam_height": 0.0, "res_elev": null, "res_area_k": null, "res_capmil": null, "certainty": null, "status": "Unknown", "china_ovrs": null, "cost_us_m": 0, "financier": null, "financier2": null, "financier3": null, "developer": null, "builder": null, "sionhydrob": null, "contractor": null, "operator": null, "risk_insr": null, "start_date": 0, "complet_da": "Unknown", "oper_date": null, "hist_notes": null, "trans_line": null, "approv_not": null, "mdb_risk_c": null, "mdb_loan_t": null, "mdb_status": null, "proj_desc": null, "resettl_ge": null, "resettl_pe": null, "resettl_ho": null, "local_name": null, "notes": null, "source": null, "cartodb_id": 291, "created_at": "2015-07-13", "updated_at": "2015-07-13" }, "geometry": { "type": "MultiPoint", "coordinates": [ [ 101.560303, 14.86517 ] ] } },
{ "type": "Feature", "properties": { "fid": "mekongdams.143", "date_updat": 0, "region": "Asia (SE)", "country": "Thailand", "prov_state": null, "project": "Unknown", "rivers": null, "basin": "Mekong", "latitude": 14.86824, "longitude": 104.210449, "purpose": "Unknown", "numb_dams": null, "capacity": 0.0, "size": "NoData", "turbines": null, "dam_height": 0.0, "res_elev": null, "res_area_k": null, "res_capmil": null, "certainty": null, "status": "Unknown", "china_ovrs": null, "cost_us_m": 0, "financier": null, "financier2": null, "financier3": null, "developer": null, "builder": null, "sionhydrob": null, "contractor": null, "operator": null, "risk_insr": null, "start_date": 0, "complet_da": "Unknown", "oper_date": null, "hist_notes": null, "trans_line": null, "approv_not": null, "mdb_risk_c": null, "mdb_loan_t": null, "mdb_status": null, "proj_desc": null, "resettl_ge": null, "resettl_pe": null, "resettl_ho": null, "local_name": null, "notes": null, "source": null, "cartodb_id": 292, "created_at": "2015-07-13", "updated_at": "2015-07-13" }, "geometry": { "type": "MultiPoint", "coordinates": [ [ 104.210449000000125, 14.86824 ] ] } },
{ "type": "Feature", "properties": { "fid": "mekongdams.144", "date_updat": 0, "region": "Asia (SE)", "country": "Thailand", "prov_state": null, "project": "Unknown", "rivers": null, "basin": "Mekong", "latitude": 14.87843, "longitude": 103.087608, "purpose": "Unknown", "numb_dams": null, "capacity": 0.0, "size": "NoData", "turbines": null, "dam_height": 0.0, "res_elev": null, "res_area_k": null, "res_capmil": null, "certainty": null, "status": "Unknown", "china_ovrs": null, "cost_us_m": 0, "financier": null, "financier2": null, "financier3": null, "developer": null, "builder": null, "sionhydrob": null, "contractor": null, "operator": null, "risk_insr": null, "start_date": 0, "complet_da": "Unknown", "oper_date": null, "hist_notes": null, "trans_line": null, "approv_not": null, "mdb_risk_c": null, "mdb_loan_t": null, "mdb_status": null, "proj_desc": null, "resettl_ge": null, "resettl_pe": null, "resettl_ho": null, "local_name": null, "notes": null, "source": null, "cartodb_id": 293, "created_at": "2015-07-13", "updated_at": "2015-07-13" }, "geometry": { "type": "MultiPoint", "coordinates": [ [ 103.087608000000131, 14.87843 ] ] } },
{ "type": "Feature", "properties": { "fid": "mekongdams.146", "date_updat": 0, "region": "Asia (SE)", "country": "Thailand", "prov_state": null, "project": "Unknown", "rivers": null, "basin": "Mekong", "latitude": 14.9125, "longitude": 103.245979, "purpose": "Unknown", "numb_dams": null, "capacity": 0.0, "size": "NoData", "turbines": null, "dam_height": 0.0, "res_elev": null, "res_area_k": null, "res_capmil": null, "certainty": null, "status": "Unknown", "china_ovrs": null, "cost_us_m": 0, "financier": null, "financier2": null, "financier3": null, "developer": null, "builder": null, "sionhydrob": null, "contractor": null, "operator": null, "risk_insr": null, "start_date": 0, "complet_da": "Unknown", "oper_date": null, "hist_notes": null, "trans_line": null, "approv_not": null, "mdb_risk_c": null, "mdb_loan_t": null, "mdb_status": null, "proj_desc": null, "resettl_ge": null, "resettl_pe": null, "resettl_ho": null, "local_name": null, "notes": null, "source": null, "cartodb_id": 294, "created_at": "2015-07-13", "updated_at": "2015-07-13" }, "geometry": { "type": "MultiPoint", "coordinates": [ [ 103.245979000000119, 14.9125 ] ] } },
{ "type": "Feature", "properties": { "fid": "mekongdams.149", "date_updat": 0, "region": "Asia (SE)", "country": "Thailand", "prov_state": null, "project": "Unknown", "rivers": null, "basin": "Mekong", "latitude": 15.03822, "longitude": 102.046783, "purpose": "Unknown", "numb_dams": null, "capacity": 0.0, "size": "NoData", "turbines": null, "dam_height": 0.0, "res_elev": null, "res_area_k": null, "res_capmil": null, "certainty": null, "status": "Unknown", "china_ovrs": null, "cost_us_m": 0, "financier": null, "financier2": null, "financier3": null, "developer": null, "builder": null, "sionhydrob": null, "contractor": null, "operator": null, "risk_insr": null, "start_date": 0, "complet_da": "Unknown", "oper_date": null, "hist_notes": null, "trans_line": null, "approv_not": null, "mdb_risk_c": null, "mdb_loan_t": null, "mdb_status": null, "proj_desc": null, "resettl_ge": null, "resettl_pe": null, "resettl_ho": null, "local_name": null, "notes": null, "source": null, "cartodb_id": 295, "created_at": "2015-07-13", "updated_at": "2015-07-13" }, "geometry": { "type": "MultiPoint", "coordinates": [ [ 102.046783, 15.03822 ] ] } },
{ "type": "Feature", "properties": { "fid": "mekongdams.151", "date_updat": 0, "region": "Asia (SE)", "country": "Thailand", "prov_state": null, "project": "Unknown", "rivers": null, "basin": "Mekong", "latitude": 15.05412, "longitude": 102.223297, "purpose": "Unknown", "numb_dams": null, "capacity": 0.0, "size": "NoData", "turbines": null, "dam_height": 0.0, "res_elev": null, "res_area_k": null, "res_capmil": null, "certainty": null, "status": "Unknown", "china_ovrs": null, "cost_us_m": 0, "financier": null, "financier2": null, "financier3": null, "developer": null, "builder": null, "sionhydrob": null, "contractor": null, "operator": null, "risk_insr": null, "start_date": 0, "complet_da": "Unknown", "oper_date": null, "hist_notes": null, "trans_line": null, "approv_not": null, "mdb_risk_c": null, "mdb_loan_t": null, "mdb_status": null, "proj_desc": null, "resettl_ge": null, "resettl_pe": null, "resettl_ho": null, "local_name": null, "notes": null, "source": null, "cartodb_id": 296, "created_at": "2015-07-13", "updated_at": "2015-07-13" }, "geometry": { "type": "MultiPoint", "coordinates": [ [ 102.223297, 15.05412 ] ] } },
{ "type": "Feature", "properties": { "fid": "mekongdams.157", "date_updat": 0, "region": "Asia (SE)", "country": "Thailand", "prov_state": null, "project": "Hua Na", "rivers": null, "basin": "Mekong", "latitude": 15.13448, "longitude": 104.703033, "purpose": "IRR", "numb_dams": null, "capacity": 0.0, "size": "NoData", "turbines": null, "dam_height": 0.0, "res_elev": null, "res_area_k": null, "res_capmil": null, "certainty": null, "status": "Operational", "china_ovrs": null, "cost_us_m": 0, "financier": null, "financier2": null, "financier3": null, "developer": null, "builder": null, "sionhydrob": null, "contractor": null, "operator": null, "risk_insr": null, "start_date": 0, "complet_da": "Unknown", "oper_date": null, "hist_notes": null, "trans_line": null, "approv_not": null, "mdb_risk_c": null, "mdb_loan_t": null, "mdb_status": null, "proj_desc": null, "resettl_ge": null, "resettl_pe": null, "resettl_ho": null, "local_name": null, "notes": null, "source": null, "cartodb_id": 297, "created_at": "2015-07-13", "updated_at": "2015-07-13" }, "geometry": { "type": "MultiPoint", "coordinates": [ [ 104.703033, 15.13448 ] ] } },
{ "type": "Feature", "properties": { "fid": "mekongdams.159", "date_updat": 0, "region": "Asia (SE)", "country": "Thailand", "prov_state": null, "project": "Sirindhorn Dam", "rivers": "Lam Dom Noi", "basin": "Mekong", "latitude": 15.206111, "longitude": 105.423333, "purpose": null, "numb_dams": null, "capacity": 36.0, "size": "NoData", "turbines": null, "dam_height": 0.0, "res_elev": null, "res_area_k": null, "res_capmil": null, "certainty": null, "status": "Operational", "china_ovrs": null, "cost_us_m": 0, "financier": null, "financier2": null, "financier3": null, "developer": null, "builder": null, "sionhydrob": null, "contractor": null, "operator": null, "risk_insr": null, "start_date": 0, "complet_da": "1872", "oper_date": null, "hist_notes": null, "trans_line": null, "approv_not": null, "mdb_risk_c": null, "mdb_loan_t": null, "mdb_status": null, "proj_desc": null, "resettl_ge": null, "resettl_pe": null, "resettl_ho": null, "local_name": null, "notes": null, "source": null, "cartodb_id": 298, "created_at": "2015-07-13", "updated_at": "2015-07-13" }, "geometry": { "type": "MultiPoint", "coordinates": [ [ 105.423333, 15.206111 ] ] } },
{ "type": "Feature", "properties": { "fid": "mekongdams.160", "date_updat": 0, "region": "Asia (SE)", "country": "Thailand", "prov_state": null, "project": "Siridhorn", "rivers": null, "basin": "Mekong", "latitude": 15.20633, "longitude": 105.429153, "purpose": "Hydropower", "numb_dams": null, "capacity": 36.0, "size": "Large", "turbines": null, "dam_height": 42.0, "res_elev": null, "res_area_k": null, "res_capmil": null, "certainty": null, "status": "Operational", "china_ovrs": null, "cost_us_m": 0, "financier": null, "financier2": null, "financier3": null, "developer": null, "builder": null, "sionhydrob": null, "contractor": null, "operator": null, "risk_insr": null, "start_date": 0, "complet_da": "1971", "oper_date": null, "hist_notes": null, "trans_line": null, "approv_not": null, "mdb_risk_c": null, "mdb_loan_t": null, "mdb_status": null, "proj_desc": null, "resettl_ge": null, "resettl_pe": null, "resettl_ho": null, "local_name": null, "notes": null, "source": null, "cartodb_id": 299, "created_at": "2015-07-13", "updated_at": "2015-07-13" }, "geometry": { "type": "MultiPoint", "coordinates": [ [ 105.429153, 15.20633 ] ] } },
{ "type": "Feature", "properties": { "fid": "mekongdams.163", "date_updat": 0, "region": "Asia (SE)", "country": "Thailand", "prov_state": null, "project": "Lamdom Yai", "rivers": null, "basin": "Mekong", "latitude": 15.21956, "longitude": 105.143242, "purpose": "IRR", "numb_dams": null, "capacity": 0.0, "size": "NoData", "turbines": null, "dam_height": 0.0, "res_elev": null, "res_area_k": null, "res_capmil": null, "certainty": null, "status": "Operational", "china_ovrs": null, "cost_us_m": 0, "financier": null, "financier2": null, "financier3": null, "developer": null, "builder": null, "sionhydrob": null, "contractor": null, "operator": null, "risk_insr": null, "start_date": 0, "complet_da": "Unknown", "oper_date": null, "hist_notes": null, "trans_line": null, "approv_not": null, "mdb_risk_c": null, "mdb_loan_t": null, "mdb_status": null, "proj_desc": null, "resettl_ge": null, "resettl_pe": null, "resettl_ho": null, "local_name": null, "notes": null, "source": null, "cartodb_id": 300, "created_at": "2015-07-13", "updated_at": "2015-07-13" }, "geometry": { "type": "MultiPoint", "coordinates": [ [ 105.143242, 15.21956 ] ] } },
{ "type": "Feature", "properties": { "fid": "mekongdams.165", "date_updat": 0, "region": "Asia (SE)", "country": "Thailand", "prov_state": null, "project": "Unknown", "rivers": null, "basin": "Mekong", "latitude": 15.24727, "longitude": 101.753731, "purpose": "Unknown", "numb_dams": null, "capacity": 0.0, "size": "NoData", "turbines": null, "dam_height": 0.0, "res_elev": null, "res_area_k": null, "res_capmil": null, "certainty": null, "status": "Unknown", "china_ovrs": null, "cost_us_m": 0, "financier": null, "financier2": null, "financier3": null, "developer": null, "builder": null, "sionhydrob": null, "contractor": null, "operator": null, "risk_insr": null, "start_date": 0, "complet_da": "Unknown", "oper_date": null, "hist_notes": null, "trans_line": null, "approv_not": null, "mdb_risk_c": null, "mdb_loan_t": null, "mdb_status": null, "proj_desc": null, "resettl_ge": null, "resettl_pe": null, "resettl_ho": null, "local_name": null, "notes": null, "source": null, "cartodb_id": 301, "created_at": "2015-07-13", "updated_at": "2015-07-13" }, "geometry": { "type": "MultiPoint", "coordinates": [ [ 101.753731, 15.24727 ] ] } },
{ "type": "Feature", "properties": { "fid": "mekongdams.166", "date_updat": 0, "region": "Asia (SE)", "country": "Thailand", "prov_state": null, "project": "Unknown", "rivers": null, "basin": "Mekong", "latitude": 15.27255, "longitude": 101.786217, "purpose": "Unknown", "numb_dams": null, "capacity": 0.0, "size": "NoData", "turbines": null, "dam_height": 0.0, "res_elev": null, "res_area_k": null, "res_capmil": null, "certainty": null, "status": "Unknown", "china_ovrs": null, "cost_us_m": 0, "financier": null, "financier2": null, "financier3": null, "developer": null, "builder": null, "sionhydrob": null, "contractor": null, "operator": null, "risk_insr": null, "start_date": 0, "complet_da": "Unknown", "oper_date": null, "hist_notes": null, "trans_line": null, "approv_not": null, "mdb_risk_c": null, "mdb_loan_t": null, "mdb_status": null, "proj_desc": null, "resettl_ge": null, "resettl_pe": null, "resettl_ho": null, "local_name": null, "notes": null, "source": null, "cartodb_id": 302, "created_at": "2015-07-13", "updated_at": "2015-07-13" }, "geometry": { "type": "MultiPoint", "coordinates": [ [ 101.786217, 15.27255 ] ] } },
{ "type": "Feature", "properties": { "fid": "mekongdams.168", "date_updat": 0, "region": "Asia (SE)", "country": "Thailand", "prov_state": null, "project": "Pak Mun", "rivers": null, "basin": "Mekong", "latitude": 15.28189, "longitude": 105.468048, "purpose": "Hydropower", "numb_dams": null, "capacity": 136.0, "size": "Large", "turbines": null, "dam_height": 17.0, "res_elev": null, "res_area_k": null, "res_capmil": null, "certainty": null, "status": "Operational", "china_ovrs": null, "cost_us_m": 0, "financier": null, "financier2": null, "financier3": null, "developer": null, "builder": null, "sionhydrob": null, "contractor": null, "operator": null, "risk_insr": null, "start_date": 0, "complet_da": "1994", "oper_date": null, "hist_notes": null, "trans_line": null, "approv_not": null, "mdb_risk_c": null, "mdb_loan_t": null, "mdb_status": null, "proj_desc": null, "resettl_ge": null, "resettl_pe": null, "resettl_ho": null, "local_name": null, "notes": null, "source": null, "cartodb_id": 303, "created_at": "2015-07-13", "updated_at": "2015-07-13" }, "geometry": { "type": "MultiPoint", "coordinates": [ [ 105.468048000000152, 15.28189 ] ] } },
{ "type": "Feature", "properties": { "fid": "mekongdams.169", "date_updat": 0, "region": "Asia (SE)", "country": "Thailand", "prov_state": null, "project": "Unknown", "rivers": null, "basin": "Mekong", "latitude": 15.28589, "longitude": 103.200272, "purpose": "Unknown", "numb_dams": null, "capacity": 0.0, "size": "NoData", "turbines": null, "dam_height": 0.0, "res_elev": null, "res_area_k": null, "res_capmil": null, "certainty": null, "status": "Unknown", "china_ovrs": null, "cost_us_m": 0, "financier": null, "financier2": null, "financier3": null, "developer": null, "builder": null, "sionhydrob": null, "contractor": null, "operator": null, "risk_insr": null, "start_date": 0, "complet_da": "Unknown", "oper_date": null, "hist_notes": null, "trans_line": null, "approv_not": null, "mdb_risk_c": null, "mdb_loan_t": null, "mdb_status": null, "proj_desc": null, "resettl_ge": null, "resettl_pe": null, "resettl_ho": null, "local_name": null, "notes": null, "source": null, "cartodb_id": 304, "created_at": "2015-07-13", "updated_at": "2015-07-13" }, "geometry": { "type": "MultiPoint", "coordinates": [ [ 103.200272, 15.28589 ] ] } },
{ "type": "Feature", "properties": { "fid": "mekongdams.170", "date_updat": 0, "region": "Asia (SE)", "country": "Thailand", "prov_state": null, "project": "Unknown", "rivers": null, "basin": "Mekong", "latitude": 15.30355, "longitude": 101.799927, "purpose": "Unknown", "numb_dams": null, "capacity": 0.0, "size": "NoData", "turbines": null, "dam_height": 0.0, "res_elev": null, "res_area_k": null, "res_capmil": null, "certainty": null, "status": "Unknown", "china_ovrs": null, "cost_us_m": 0, "financier": null, "financier2": null, "financier3": null, "developer": null, "builder": null, "sionhydrob": null, "contractor": null, "operator": null, "risk_insr": null, "start_date": 0, "complet_da": "Unknown", "oper_date": null, "hist_notes": null, "trans_line": null, "approv_not": null, "mdb_risk_c": null, "mdb_loan_t": null, "mdb_status": null, "proj_desc": null, "resettl_ge": null, "resettl_pe": null, "resettl_ho": null, "local_name": null, "notes": null, "source": null, "cartodb_id": 305, "created_at": "2015-07-13", "updated_at": "2015-07-13" }, "geometry": { "type": "MultiPoint", "coordinates": [ [ 101.79992700000011, 15.30355 ] ] } },
{ "type": "Feature", "properties": { "fid": "mekongdams.171", "date_updat": 0, "region": "Asia (SE)", "country": "Thailand", "prov_state": null, "project": "Yasothon-Phanomprai", "rivers": null, "basin": "Mekong", "latitude": 15.31122, "longitude": 104.456482, "purpose": "Hydropower", "numb_dams": null, "capacity": 0.0, "size": "NoData", "turbines": null, "dam_height": 0.0, "res_elev": null, "res_area_k": null, "res_capmil": null, "certainty": null, "status": "Operational", "china_ovrs": null, "cost_us_m": 0, "financier": null, "financier2": null, "financier3": null, "developer": null, "builder": null, "sionhydrob": null, "contractor": null, "operator": null, "risk_insr": null, "start_date": 0, "complet_da": "Unknown", "oper_date": null, "hist_notes": null, "trans_line": null, "approv_not": null, "mdb_risk_c": null, "mdb_loan_t": null, "mdb_status": null, "proj_desc": null, "resettl_ge": null, "resettl_pe": null, "resettl_ho": null, "local_name": null, "notes": null, "source": null, "cartodb_id": 306, "created_at": "2015-07-13", "updated_at": "2015-07-13" }, "geometry": { "type": "MultiPoint", "coordinates": [ [ 104.456482000000136, 15.31122 ] ] } },
{ "type": "Feature", "properties": { "fid": "mekongdams.173", "date_updat": 0, "region": "Asia (SE)", "country": "Thailand", "prov_state": null, "project": "Unknown", "rivers": null, "basin": "Mekong", "latitude": 15.32734, "longitude": 104.37645, "purpose": "Unknown", "numb_dams": null, "capacity": 0.0, "size": "NoData", "turbines": null, "dam_height": 0.0, "res_elev": null, "res_area_k": null, "res_capmil": null, "certainty": null, "status": "Unknown", "china_ovrs": null, "cost_us_m": 0, "financier": null, "financier2": null, "financier3": null, "developer": null, "builder": null, "sionhydrob": null, "contractor": null, "operator": null, "risk_insr": null, "start_date": 0, "complet_da": "Unknown", "oper_date": null, "hist_notes": null, "trans_line": null, "approv_not": null, "mdb_risk_c": null, "mdb_loan_t": null, "mdb_status": null, "proj_desc": null, "resettl_ge": null, "resettl_pe": null, "resettl_ho": null, "local_name": null, "notes": null, "source": null, "cartodb_id": 307, "created_at": "2015-07-13", "updated_at": "2015-07-13" }, "geometry": { "type": "MultiPoint", "coordinates": [ [ 104.37645, 15.32734 ] ] } },
{ "type": "Feature", "properties": { "fid": "mekongdams.174", "date_updat": 0, "region": "Asia (SE)", "country": "Thailand", "prov_state": null, "project": "Rasi Salai", "rivers": null, "basin": "Mekong", "latitude": 15.34391, "longitude": 104.098373, "purpose": "Hydropower", "numb_dams": null, "capacity": 0.0, "size": "NoData", "turbines": null, "dam_height": 0.0, "res_elev": null, "res_area_k": null, "res_capmil": null, "certainty": null, "status": "Operational", "china_ovrs": null, "cost_us_m": 0, "financier": null, "financier2": null, "financier3": null, "developer": null, "builder": null, "sionhydrob": null, "contractor": null, "operator": null, "risk_insr": null, "start_date": 0, "complet_da": "Unknown", "oper_date": null, "hist_notes": null, "trans_line": null, "approv_not": null, "mdb_risk_c": null, "mdb_loan_t": null, "mdb_status": null, "proj_desc": null, "resettl_ge": null, "resettl_pe": null, "resettl_ho": null, "local_name": null, "notes": null, "source": null, "cartodb_id": 308, "created_at": "2015-07-13", "updated_at": "2015-07-13" }, "geometry": { "type": "MultiPoint", "coordinates": [ [ 104.098373000000123, 15.34391 ] ] } },
{ "type": "Feature", "properties": { "fid": "mekongdams.175", "date_updat": 0, "region": "Asia (SE)", "country": "Thailand", "prov_state": null, "project": "Rasi Salai Dam", "rivers": null, "basin": "Mekong", "latitude": 15.34391, "longitude": 104.098373, "purpose": "IRR", "numb_dams": null, "capacity": 0.0, "size": "NoData", "turbines": null, "dam_height": 0.0, "res_elev": null, "res_area_k": null, "res_capmil": null, "certainty": null, "status": "Unknown", "china_ovrs": null, "cost_us_m": 0, "financier": null, "financier2": null, "financier3": null, "developer": null, "builder": null, "sionhydrob": null, "contractor": null, "operator": null, "risk_insr": null, "start_date": 0, "complet_da": "Unknown", "oper_date": null, "hist_notes": null, "trans_line": null, "approv_not": null, "mdb_risk_c": null, "mdb_loan_t": null, "mdb_status": null, "proj_desc": null, "resettl_ge": null, "resettl_pe": null, "resettl_ho": null, "local_name": null, "notes": null, "source": null, "cartodb_id": 309, "created_at": "2015-07-13", "updated_at": "2015-07-13" }, "geometry": { "type": "MultiPoint", "coordinates": [ [ 104.098373000000123, 15.34391 ] ] } },
{ "type": "Feature", "properties": { "fid": "mekongdams.181", "date_updat": 0, "region": "Asia (SE)", "country": "Thailand", "prov_state": null, "project": "Unknown", "rivers": null, "basin": "Mekong", "latitude": 15.39305, "longitude": 104.483681, "purpose": "Unknown", "numb_dams": null, "capacity": 0.0, "size": "NoData", "turbines": null, "dam_height": 0.0, "res_elev": null, "res_area_k": null, "res_capmil": null, "certainty": null, "status": "Unknown", "china_ovrs": null, "cost_us_m": 0, "financier": null, "financier2": null, "financier3": null, "developer": null, "builder": null, "sionhydrob": null, "contractor": null, "operator": null, "risk_insr": null, "start_date": 0, "complet_da": "Unknown", "oper_date": null, "hist_notes": null, "trans_line": null, "approv_not": null, "mdb_risk_c": null, "mdb_loan_t": null, "mdb_status": null, "proj_desc": null, "resettl_ge": null, "resettl_pe": null, "resettl_ho": null, "local_name": null, "notes": null, "source": null, "cartodb_id": 310, "created_at": "2015-07-13", "updated_at": "2015-07-13" }, "geometry": { "type": "MultiPoint", "coordinates": [ [ 104.483681, 15.39305 ] ] } },
{ "type": "Feature", "properties": { "fid": "mekongdams.182", "date_updat": 0, "region": "Asia (SE)", "country": "Thailand", "prov_state": null, "project": "Unknown", "rivers": null, "basin": "Mekong", "latitude": 15.39862, "longitude": 104.830544, "purpose": "Unknown", "numb_dams": null, "capacity": 0.0, "size": "NoData", "turbines": null, "dam_height": 0.0, "res_elev": null, "res_area_k": null, "res_capmil": null, "certainty": null, "status": "Unknown", "china_ovrs": null, "cost_us_m": 0, "financier": null, "financier2": null, "financier3": null, "developer": null, "builder": null, "sionhydrob": null, "contractor": null, "operator": null, "risk_insr": null, "start_date": 0, "complet_da": "Unknown", "oper_date": null, "hist_notes": null, "trans_line": null, "approv_not": null, "mdb_risk_c": null, "mdb_loan_t": null, "mdb_status": null, "proj_desc": null, "resettl_ge": null, "resettl_pe": null, "resettl_ho": null, "local_name": null, "notes": null, "source": null, "cartodb_id": 311, "created_at": "2015-07-13", "updated_at": "2015-07-13" }, "geometry": { "type": "MultiPoint", "coordinates": [ [ 104.830544, 15.39862 ] ] } },
{ "type": "Feature", "properties": { "fid": "mekongdams.186", "date_updat": 0, "region": "Asia (SE)", "country": "Thailand", "prov_state": null, "project": "Unknown", "rivers": null, "basin": "Mekong", "latitude": 15.44083, "longitude": 104.305489, "purpose": "Unknown", "numb_dams": null, "capacity": 0.0, "size": "NoData", "turbines": null, "dam_height": 0.0, "res_elev": null, "res_area_k": null, "res_capmil": null, "certainty": null, "status": "Unknown", "china_ovrs": null, "cost_us_m": 0, "financier": null, "financier2": null, "financier3": null, "developer": null, "builder": null, "sionhydrob": null, "contractor": null, "operator": null, "risk_insr": null, "start_date": 0, "complet_da": "Unknown", "oper_date": null, "hist_notes": null, "trans_line": null, "approv_not": null, "mdb_risk_c": null, "mdb_loan_t": null, "mdb_status": null, "proj_desc": null, "resettl_ge": null, "resettl_pe": null, "resettl_ho": null, "local_name": null, "notes": null, "source": null, "cartodb_id": 312, "created_at": "2015-07-13", "updated_at": "2015-07-13" }, "geometry": { "type": "MultiPoint", "coordinates": [ [ 104.305489000000108, 15.44083 ] ] } },
{ "type": "Feature", "properties": { "fid": "mekongdams.187", "date_updat": 0, "region": "Asia (SE)", "country": "Thailand", "prov_state": null, "project": "Unknown", "rivers": null, "basin": "Mekong", "latitude": 15.46066, "longitude": 101.746941, "purpose": "Unknown", "numb_dams": null, "capacity": 0.0, "size": "NoData", "turbines": null, "dam_height": 0.0, "res_elev": null, "res_area_k": null, "res_capmil": null, "certainty": null, "status": "Unknown", "china_ovrs": null, "cost_us_m": 0, "financier": null, "financier2": null, "financier3": null, "developer": null, "builder": null, "sionhydrob": null, "contractor": null, "operator": null, "risk_insr": null, "start_date": 0, "complet_da": "Unknown", "oper_date": null, "hist_notes": null, "trans_line": null, "approv_not": null, "mdb_risk_c": null, "mdb_loan_t": null, "mdb_status": null, "proj_desc": null, "resettl_ge": null, "resettl_pe": null, "resettl_ho": null, "local_name": null, "notes": null, "source": null, "cartodb_id": 313, "created_at": "2015-07-13", "updated_at": "2015-07-13" }, "geometry": { "type": "MultiPoint", "coordinates": [ [ 101.746941, 15.46066 ] ] } },
{ "type": "Feature", "properties": { "fid": "mekongdams.189", "date_updat": 0, "region": "Asia (SE)", "country": "Thailand", "prov_state": null, "project": "Unknown", "rivers": null, "basin": "Mekong", "latitude": 15.49288, "longitude": 101.544662, "purpose": "Unknown", "numb_dams": null, "capacity": 0.0, "size": "NoData", "turbines": null, "dam_height": 0.0, "res_elev": null, "res_area_k": null, "res_capmil": null, "certainty": null, "status": "Unknown", "china_ovrs": null, "cost_us_m": 0, "financier": null, "financier2": null, "financier3": null, "developer": null, "builder": null, "sionhydrob": null, "contractor": null, "operator": null, "risk_insr": null, "start_date": 0, "complet_da": "Unknown", "oper_date": null, "hist_notes": null, "trans_line": null, "approv_not": null, "mdb_risk_c": null, "mdb_loan_t": null, "mdb_status": null, "proj_desc": null, "resettl_ge": null, "resettl_pe": null, "resettl_ho": null, "local_name": null, "notes": null, "source": null, "cartodb_id": 314, "created_at": "2015-07-13", "updated_at": "2015-07-13" }, "geometry": { "type": "MultiPoint", "coordinates": [ [ 101.544662000000102, 15.49288 ] ] } },
{ "type": "Feature", "properties": { "fid": "mekongdams.191", "date_updat": 0, "region": "Asia (SE)", "country": "Thailand", "prov_state": null, "project": "Unknown", "rivers": null, "basin": "Mekong", "latitude": 15.52833, "longitude": 103.30864, "purpose": "Unknown", "numb_dams": null, "capacity": 0.0, "size": "NoData", "turbines": null, "dam_height": 0.0, "res_elev": null, "res_area_k": null, "res_capmil": null, "certainty": null, "status": "Unknown", "china_ovrs": null, "cost_us_m": 0, "financier": null, "financier2": null, "financier3": null, "developer": null, "builder": null, "sionhydrob": null, "contractor": null, "operator": null, "risk_insr": null, "start_date": 0, "complet_da": "Unknown", "oper_date": null, "hist_notes": null, "trans_line": null, "approv_not": null, "mdb_risk_c": null, "mdb_loan_t": null, "mdb_status": null, "proj_desc": null, "resettl_ge": null, "resettl_pe": null, "resettl_ho": null, "local_name": null, "notes": null, "source": null, "cartodb_id": 315, "created_at": "2015-07-13", "updated_at": "2015-07-13" }, "geometry": { "type": "MultiPoint", "coordinates": [ [ 103.30864, 15.52833 ] ] } },
{ "type": "Feature", "properties": { "fid": "mekongdams.193", "date_updat": 0, "region": "Asia (SE)", "country": "Thailand", "prov_state": null, "project": "Unknown", "rivers": null, "basin": "Mekong", "latitude": 15.56048, "longitude": 101.599472, "purpose": "Unknown", "numb_dams": null, "capacity": 0.0, "size": "NoData", "turbines": null, "dam_height": 0.0, "res_elev": null, "res_area_k": null, "res_capmil": null, "certainty": null, "status": "Unknown", "china_ovrs": null, "cost_us_m": 0, "financier": null, "financier2": null, "financier3": null, "developer": null, "builder": null, "sionhydrob": null, "contractor": null, "operator": null, "risk_insr": null, "start_date": 0, "complet_da": "Unknown", "oper_date": null, "hist_notes": null, "trans_line": null, "approv_not": null, "mdb_risk_c": null, "mdb_loan_t": null, "mdb_status": null, "proj_desc": null, "resettl_ge": null, "resettl_pe": null, "resettl_ho": null, "local_name": null, "notes": null, "source": null, "cartodb_id": 316, "created_at": "2015-07-13", "updated_at": "2015-07-13" }, "geometry": { "type": "MultiPoint", "coordinates": [ [ 101.599472, 15.56048 ] ] } },
{ "type": "Feature", "properties": { "fid": "mekongdams.194", "date_updat": 0, "region": "Asia (SE)", "country": "Thailand", "prov_state": null, "project": "Unknown", "rivers": null, "basin": "Mekong", "latitude": 15.58341, "longitude": 104.263771, "purpose": "Unknown", "numb_dams": null, "capacity": 0.0, "size": "NoData", "turbines": null, "dam_height": 0.0, "res_elev": null, "res_area_k": null, "res_capmil": null, "certainty": null, "status": "Unknown", "china_ovrs": null, "cost_us_m": 0, "financier": null, "financier2": null, "financier3": null, "developer": null, "builder": null, "sionhydrob": null, "contractor": null, "operator": null, "risk_insr": null, "start_date": 0, "complet_da": "Unknown", "oper_date": null, "hist_notes": null, "trans_line": null, "approv_not": null, "mdb_risk_c": null, "mdb_loan_t": null, "mdb_status": null, "proj_desc": null, "resettl_ge": null, "resettl_pe": null, "resettl_ho": null, "local_name": null, "notes": null, "source": null, "cartodb_id": 317, "created_at": "2015-07-13", "updated_at": "2015-07-13" }, "geometry": { "type": "MultiPoint", "coordinates": [ [ 104.263771, 15.58341 ] ] } },
{ "type": "Feature", "properties": { "fid": "mekongdams.195", "date_updat": 0, "region": "Asia (SE)", "country": "Thailand", "prov_state": null, "project": "Unknown", "rivers": null, "basin": "Mekong", "latitude": 15.59581, "longitude": 101.894829, "purpose": "Unknown", "numb_dams": null, "capacity": 0.0, "size": "NoData", "turbines": null, "dam_height": 0.0, "res_elev": null, "res_area_k": null, "res_capmil": null, "certainty": null, "status": "Unknown", "china_ovrs": null, "cost_us_m": 0, "financier": null, "financier2": null, "financier3": null, "developer": null, "builder": null, "sionhydrob": null, "contractor": null, "operator": null, "risk_insr": null, "start_date": 0, "complet_da": "Unknown", "oper_date": null, "hist_notes": null, "trans_line": null, "approv_not": null, "mdb_risk_c": null, "mdb_loan_t": null, "mdb_status": null, "proj_desc": null, "resettl_ge": null, "resettl_pe": null, "resettl_ho": null, "local_name": null, "notes": null, "source": null, "cartodb_id": 318, "created_at": "2015-07-13", "updated_at": "2015-07-13" }, "geometry": { "type": "MultiPoint", "coordinates": [ [ 101.894829, 15.59581 ] ] } },
{ "type": "Feature", "properties": { "fid": "mekongdams.196", "date_updat": 0, "region": "Asia (SE)", "country": "Thailand", "prov_state": null, "project": "Unknown", "rivers": null, "basin": "Mekong", "latitude": 15.61263, "longitude": 102.082787, "purpose": "Unknown", "numb_dams": null, "capacity": 0.0, "size": "NoData", "turbines": null, "dam_height": 0.0, "res_elev": null, "res_area_k": null, "res_capmil": null, "certainty": null, "status": "Unknown", "china_ovrs": null, "cost_us_m": 0, "financier": null, "financier2": null, "financier3": null, "developer": null, "builder": null, "sionhydrob": null, "contractor": null, "operator": null, "risk_insr": null, "start_date": 0, "complet_da": "Unknown", "oper_date": null, "hist_notes": null, "trans_line": null, "approv_not": null, "mdb_risk_c": null, "mdb_loan_t": null, "mdb_status": null, "proj_desc": null, "resettl_ge": null, "resettl_pe": null, "resettl_ho": null, "local_name": null, "notes": null, "source": null, "cartodb_id": 319, "created_at": "2015-07-13", "updated_at": "2015-07-13" }, "geometry": { "type": "MultiPoint", "coordinates": [ [ 102.082787000000138, 15.61263 ] ] } },
{ "type": "Feature", "properties": { "fid": "mekongdams.197", "date_updat": 0, "region": "Asia (SE)", "country": "Thailand", "prov_state": null, "project": "Unknown", "rivers": null, "basin": "Mekong", "latitude": 15.62488, "longitude": 101.710472, "purpose": "Unknown", "numb_dams": null, "capacity": 0.0, "size": "NoData", "turbines": null, "dam_height": 0.0, "res_elev": null, "res_area_k": null, "res_capmil": null, "certainty": null, "status": "Unknown", "china_ovrs": null, "cost_us_m": 0, "financier": null, "financier2": null, "financier3": null, "developer": null, "builder": null, "sionhydrob": null, "contractor": null, "operator": null, "risk_insr": null, "start_date": 0, "complet_da": "Unknown", "oper_date": null, "hist_notes": null, "trans_line": null, "approv_not": null, "mdb_risk_c": null, "mdb_loan_t": null, "mdb_status": null, "proj_desc": null, "resettl_ge": null, "resettl_pe": null, "resettl_ho": null, "local_name": null, "notes": null, "source": null, "cartodb_id": 320, "created_at": "2015-07-13", "updated_at": "2015-07-13" }, "geometry": { "type": "MultiPoint", "coordinates": [ [ 101.710472000000124, 15.62488 ] ] } },
{ "type": "Feature", "properties": { "fid": "mekongdams.198", "date_updat": 0, "region": "Asia (SE)", "country": "Thailand", "prov_state": null, "project": "Unknown", "rivers": null, "basin": "Mekong", "latitude": 15.63083, "longitude": 105.047691, "purpose": "Unknown", "numb_dams": null, "capacity": 0.0, "size": "NoData", "turbines": null, "dam_height": 0.0, "res_elev": null, "res_area_k": null, "res_capmil": null, "certainty": null, "status": "Unknown", "china_ovrs": null, "cost_us_m": 0, "financier": null, "financier2": null, "financier3": null, "developer": null, "builder": null, "sionhydrob": null, "contractor": null, "operator": null, "risk_insr": null, "start_date": 0, "complet_da": "Unknown", "oper_date": null, "hist_notes": null, "trans_line": null, "approv_not": null, "mdb_risk_c": null, "mdb_loan_t": null, "mdb_status": null, "proj_desc": null, "resettl_ge": null, "resettl_pe": null, "resettl_ho": null, "local_name": null, "notes": null, "source": null, "cartodb_id": 321, "created_at": "2015-07-13", "updated_at": "2015-07-13" }, "geometry": { "type": "MultiPoint", "coordinates": [ [ 105.047691, 15.63083 ] ] } },
{ "type": "Feature", "properties": { "fid": "mekongdams.199", "date_updat": 0, "region": "Asia (SE)", "country": "Thailand", "prov_state": null, "project": "Unknown", "rivers": null, "basin": "Mekong", "latitude": 15.643, "longitude": 102.197067, "purpose": "Unknown", "numb_dams": null, "capacity": 0.0, "size": "NoData", "turbines": null, "dam_height": 0.0, "res_elev": null, "res_area_k": null, "res_capmil": null, "certainty": null, "status": "Unknown", "china_ovrs": null, "cost_us_m": 0, "financier": null, "financier2": null, "financier3": null, "developer": null, "builder": null, "sionhydrob": null, "contractor": null, "operator": null, "risk_insr": null, "start_date": 0, "complet_da": "Unknown", "oper_date": null, "hist_notes": null, "trans_line": null, "approv_not": null, "mdb_risk_c": null, "mdb_loan_t": null, "mdb_status": null, "proj_desc": null, "resettl_ge": null, "resettl_pe": null, "resettl_ho": null, "local_name": null, "notes": null, "source": null, "cartodb_id": 322, "created_at": "2015-07-13", "updated_at": "2015-07-13" }, "geometry": { "type": "MultiPoint", "coordinates": [ [ 102.197067000000146, 15.643 ] ] } },
{ "type": "Feature", "properties": { "fid": "mekongdams.200", "date_updat": 0, "region": "Asia (SE)", "country": "Thailand", "prov_state": null, "project": "Unknown", "rivers": null, "basin": "Mekong", "latitude": 15.65012, "longitude": 103.377373, "purpose": "Unknown", "numb_dams": null, "capacity": 0.0, "size": "NoData", "turbines": null, "dam_height": 0.0, "res_elev": null, "res_area_k": null, "res_capmil": null, "certainty": null, "status": "Unknown", "china_ovrs": null, "cost_us_m": 0, "financier": null, "financier2": null, "financier3": null, "developer": null, "builder": null, "sionhydrob": null, "contractor": null, "operator": null, "risk_insr": null, "start_date": 0, "complet_da": "Unknown", "oper_date": null, "hist_notes": null, "trans_line": null, "approv_not": null, "mdb_risk_c": null, "mdb_loan_t": null, "mdb_status": null, "proj_desc": null, "resettl_ge": null, "resettl_pe": null, "resettl_ho": null, "local_name": null, "notes": null, "source": null, "cartodb_id": 323, "created_at": "2015-07-13", "updated_at": "2015-07-13" }, "geometry": { "type": "MultiPoint", "coordinates": [ [ 103.377373, 15.65012 ] ] } },
{ "type": "Feature", "properties": { "fid": "mekongdams.201", "date_updat": 0, "region": "Asia (SE)", "country": "Thailand", "prov_state": null, "project": "Unknown", "rivers": null, "basin": "Mekong", "latitude": 15.6717, "longitude": 104.24826, "purpose": "Unknown", "numb_dams": null, "capacity": 0.0, "size": "NoData", "turbines": null, "dam_height": 0.0, "res_elev": null, "res_area_k": null, "res_capmil": null, "certainty": null, "status": "Unknown", "china_ovrs": null, "cost_us_m": 0, "financier": null, "financier2": null, "financier3": null, "developer": null, "builder": null, "sionhydrob": null, "contractor": null, "operator": null, "risk_insr": null, "start_date": 0, "complet_da": "Unknown", "oper_date": null, "hist_notes": null, "trans_line": null, "approv_not": null, "mdb_risk_c": null, "mdb_loan_t": null, "mdb_status": null, "proj_desc": null, "resettl_ge": null, "resettl_pe": null, "resettl_ho": null, "local_name": null, "notes": null, "source": null, "cartodb_id": 324, "created_at": "2015-07-13", "updated_at": "2015-07-13" }, "geometry": { "type": "MultiPoint", "coordinates": [ [ 104.248260000000101, 15.6717 ] ] } },
{ "type": "Feature", "properties": { "fid": "mekongdams.202", "date_updat": 0, "region": "Asia (SE)", "country": "Thailand", "prov_state": null, "project": "Unknown", "rivers": null, "basin": "Mekong", "latitude": 15.67353, "longitude": 102.189888, "purpose": "Unknown", "numb_dams": null, "capacity": 0.0, "size": "NoData", "turbines": null, "dam_height": 0.0, "res_elev": null, "res_area_k": null, "res_capmil": null, "certainty": null, "status": "Unknown", "china_ovrs": null, "cost_us_m": 0, "financier": null, "financier2": null, "financier3": null, "developer": null, "builder": null, "sionhydrob": null, "contractor": null, "operator": null, "risk_insr": null, "start_date": 0, "complet_da": "Unknown", "oper_date": null, "hist_notes": null, "trans_line": null, "approv_not": null, "mdb_risk_c": null, "mdb_loan_t": null, "mdb_status": null, "proj_desc": null, "resettl_ge": null, "resettl_pe": null, "resettl_ho": null, "local_name": null, "notes": null, "source": null, "cartodb_id": 325, "created_at": "2015-07-13", "updated_at": "2015-07-13" }, "geometry": { "type": "MultiPoint", "coordinates": [ [ 102.189888, 15.67353 ] ] } },
{ "type": "Feature", "properties": { "fid": "mekongdams.204", "date_updat": 0, "region": "Asia (SE)", "country": "Thailand", "prov_state": null, "project": "Unknown", "rivers": null, "basin": "Mekong", "latitude": 15.718, "longitude": 102.215523, "purpose": "Unknown", "numb_dams": null, "capacity": 0.0, "size": "NoData", "turbines": null, "dam_height": 0.0, "res_elev": null, "res_area_k": null, "res_capmil": null, "certainty": null, "status": "Unknown", "china_ovrs": null, "cost_us_m": 0, "financier": null, "financier2": null, "financier3": null, "developer": null, "builder": null, "sionhydrob": null, "contractor": null, "operator": null, "risk_insr": null, "start_date": 0, "complet_da": "Unknown", "oper_date": null, "hist_notes": null, "trans_line": null, "approv_not": null, "mdb_risk_c": null, "mdb_loan_t": null, "mdb_status": null, "proj_desc": null, "resettl_ge": null, "resettl_pe": null, "resettl_ho": null, "local_name": null, "notes": null, "source": null, "cartodb_id": 326, "created_at": "2015-07-13", "updated_at": "2015-07-13" }, "geometry": { "type": "MultiPoint", "coordinates": [ [ 102.215523, 15.718 ] ] } },
{ "type": "Feature", "properties": { "fid": "mekongdams.205", "date_updat": 0, "region": "Asia (SE)", "country": "Thailand", "prov_state": null, "project": "Unknown", "rivers": null, "basin": "Mekong", "latitude": 15.74619, "longitude": 104.38163, "purpose": "Unknown", "numb_dams": null, "capacity": 0.0, "size": "NoData", "turbines": null, "dam_height": 0.0, "res_elev": null, "res_area_k": null, "res_capmil": null, "certainty": null, "status": "Unknown", "china_ovrs": null, "cost_us_m": 0, "financier": null, "financier2": null, "financier3": null, "developer": null, "builder": null, "sionhydrob": null, "contractor": null, "operator": null, "risk_insr": null, "start_date": 0, "complet_da": "Unknown", "oper_date": null, "hist_notes": null, "trans_line": null, "approv_not": null, "mdb_risk_c": null, "mdb_loan_t": null, "mdb_status": null, "proj_desc": null, "resettl_ge": null, "resettl_pe": null, "resettl_ho": null, "local_name": null, "notes": null, "source": null, "cartodb_id": 327, "created_at": "2015-07-13", "updated_at": "2015-07-13" }, "geometry": { "type": "MultiPoint", "coordinates": [ [ 104.381630000000115, 15.74619 ] ] } },
{ "type": "Feature", "properties": { "fid": "mekongdams.206", "date_updat": 0, "region": "Asia (SE)", "country": "Thailand", "prov_state": null, "project": "Unknown", "rivers": null, "basin": "Mekong", "latitude": 15.74683, "longitude": 104.351173, "purpose": "Unknown", "numb_dams": null, "capacity": 0.0, "size": "NoData", "turbines": null, "dam_height": 0.0, "res_elev": null, "res_area_k": null, "res_capmil": null, "certainty": null, "status": "Unknown", "china_ovrs": null, "cost_us_m": 0, "financier": null, "financier2": null, "financier3": null, "developer": null, "builder": null, "sionhydrob": null, "contractor": null, "operator": null, "risk_insr": null, "start_date": 0, "complet_da": "Unknown", "oper_date": null, "hist_notes": null, "trans_line": null, "approv_not": null, "mdb_risk_c": null, "mdb_loan_t": null, "mdb_status": null, "proj_desc": null, "resettl_ge": null, "resettl_pe": null, "resettl_ho": null, "local_name": null, "notes": null, "source": null, "cartodb_id": 328, "created_at": "2015-07-13", "updated_at": "2015-07-13" }, "geometry": { "type": "MultiPoint", "coordinates": [ [ 104.351173000000102, 15.74683 ] ] } },
{ "type": "Feature", "properties": { "fid": "mekongdams.207", "date_updat": 0, "region": "Asia (SE)", "country": "Thailand", "prov_state": null, "project": "Unknown", "rivers": null, "basin": "Mekong", "latitude": 15.77204, "longitude": 102.344078, "purpose": "Unknown", "numb_dams": null, "capacity": 0.0, "size": "NoData", "turbines": null, "dam_height": 0.0, "res_elev": null, "res_area_k": null, "res_capmil": null, "certainty": null, "status": "Unknown", "china_ovrs": null, "cost_us_m": 0, "financier": null, "financier2": null, "financier3": null, "developer": null, "builder": null, "sionhydrob": null, "contractor": null, "operator": null, "risk_insr": null, "start_date": 0, "complet_da": "Unknown", "oper_date": null, "hist_notes": null, "trans_line": null, "approv_not": null, "mdb_risk_c": null, "mdb_loan_t": null, "mdb_status": null, "proj_desc": null, "resettl_ge": null, "resettl_pe": null, "resettl_ho": null, "local_name": null, "notes": null, "source": null, "cartodb_id": 329, "created_at": "2015-07-13", "updated_at": "2015-07-13" }, "geometry": { "type": "MultiPoint", "coordinates": [ [ 102.34407800000011, 15.77204 ] ] } },
{ "type": "Feature", "properties": { "fid": "mekongdams.208", "date_updat": 0, "region": "Asia (SE)", "country": "Thailand", "prov_state": null, "project": "Unknown", "rivers": null, "basin": "Mekong", "latitude": 15.78685, "longitude": 101.88269, "purpose": "Unknown", "numb_dams": null, "capacity": 0.0, "size": "NoData", "turbines": null, "dam_height": 0.0, "res_elev": null, "res_area_k": null, "res_capmil": null, "certainty": null, "status": "Unknown", "china_ovrs": null, "cost_us_m": 0, "financier": null, "financier2": null, "financier3": null, "developer": null, "builder": null, "sionhydrob": null, "contractor": null, "operator": null, "risk_insr": null, "start_date": 0, "complet_da": "Unknown", "oper_date": null, "hist_notes": null, "trans_line": null, "approv_not": null, "mdb_risk_c": null, "mdb_loan_t": null, "mdb_status": null, "proj_desc": null, "resettl_ge": null, "resettl_pe": null, "resettl_ho": null, "local_name": null, "notes": null, "source": null, "cartodb_id": 330, "created_at": "2015-07-13", "updated_at": "2015-07-13" }, "geometry": { "type": "MultiPoint", "coordinates": [ [ 101.88269000000011, 15.78685 ] ] } },
{ "type": "Feature", "properties": { "fid": "mekongdams.209", "date_updat": 0, "region": "Asia (SE)", "country": "Thailand", "prov_state": null, "project": "Unknown", "rivers": null, "basin": "Mekong", "latitude": 15.80548, "longitude": 104.16111, "purpose": "Unknown", "numb_dams": null, "capacity": 0.0, "size": "NoData", "turbines": null, "dam_height": 0.0, "res_elev": null, "res_area_k": null, "res_capmil": null, "certainty": null, "status": "Unknown", "china_ovrs": null, "cost_us_m": 0, "financier": null, "financier2": null, "financier3": null, "developer": null, "builder": null, "sionhydrob": null, "contractor": null, "operator": null, "risk_insr": null, "start_date": 0, "complet_da": "Unknown", "oper_date": null, "hist_notes": null, "trans_line": null, "approv_not": null, "mdb_risk_c": null, "mdb_loan_t": null, "mdb_status": null, "proj_desc": null, "resettl_ge": null, "resettl_pe": null, "resettl_ho": null, "local_name": null, "notes": null, "source": null, "cartodb_id": 331, "created_at": "2015-07-13", "updated_at": "2015-07-13" }, "geometry": { "type": "MultiPoint", "coordinates": [ [ 104.16111, 15.80548 ] ] } },
{ "type": "Feature", "properties": { "fid": "mekongdams.210", "date_updat": 0, "region": "Asia (SE)", "country": "Thailand", "prov_state": null, "project": "Unknown", "rivers": null, "basin": "Mekong", "latitude": 15.84878, "longitude": 101.946823, "purpose": "Unknown", "numb_dams": null, "capacity": 0.0, "size": "NoData", "turbines": null, "dam_height": 0.0, "res_elev": null, "res_area_k": null, "res_capmil": null, "certainty": null, "status": "Unknown", "china_ovrs": null, "cost_us_m": 0, "financier": null, "financier2": null, "financier3": null, "developer": null, "builder": null, "sionhydrob": null, "contractor": null, "operator": null, "risk_insr": null, "start_date": 0, "complet_da": "Unknown", "oper_date": null, "hist_notes": null, "trans_line": null, "approv_not": null, "mdb_risk_c": null, "mdb_loan_t": null, "mdb_status": null, "proj_desc": null, "resettl_ge": null, "resettl_pe": null, "resettl_ho": null, "local_name": null, "notes": null, "source": null, "cartodb_id": 332, "created_at": "2015-07-13", "updated_at": "2015-07-13" }, "geometry": { "type": "MultiPoint", "coordinates": [ [ 101.946823, 15.84878 ] ] } },
{ "type": "Feature", "properties": { "fid": "mekongdams.211", "date_updat": 0, "region": "Asia (SE)", "country": "Thailand", "prov_state": null, "project": "Unknown", "rivers": null, "basin": "Mekong", "latitude": 15.85552, "longitude": 104.322067, "purpose": "Unknown", "numb_dams": null, "capacity": 0.0, "size": "NoData", "turbines": null, "dam_height": 0.0, "res_elev": null, "res_area_k": null, "res_capmil": null, "certainty": null, "status": "Unknown", "china_ovrs": null, "cost_us_m": 0, "financier": null, "financier2": null, "financier3": null, "developer": null, "builder": null, "sionhydrob": null, "contractor": null, "operator": null, "risk_insr": null, "start_date": 0, "complet_da": "Unknown", "oper_date": null, "hist_notes": null, "trans_line": null, "approv_not": null, "mdb_risk_c": null, "mdb_loan_t": null, "mdb_status": null, "proj_desc": null, "resettl_ge": null, "resettl_pe": null, "resettl_ho": null, "local_name": null, "notes": null, "source": null, "cartodb_id": 333, "created_at": "2015-07-13", "updated_at": "2015-07-13" }, "geometry": { "type": "MultiPoint", "coordinates": [ [ 104.322067, 15.85552 ] ] } },
{ "type": "Feature", "properties": { "fid": "mekongdams.213", "date_updat": 0, "region": "Asia (SE)", "country": "Thailand", "prov_state": null, "project": "Unknown", "rivers": null, "basin": "Mekong", "latitude": 15.88472, "longitude": 102.535263, "purpose": "Unknown", "numb_dams": null, "capacity": 0.0, "size": "NoData", "turbines": null, "dam_height": 0.0, "res_elev": null, "res_area_k": null, "res_capmil": null, "certainty": null, "status": "Unknown", "china_ovrs": null, "cost_us_m": 0, "financier": null, "financier2": null, "financier3": null, "developer": null, "builder": null, "sionhydrob": null, "contractor": null, "operator": null, "risk_insr": null, "start_date": 0, "complet_da": "Unknown", "oper_date": null, "hist_notes": null, "trans_line": null, "approv_not": null, "mdb_risk_c": null, "mdb_loan_t": null, "mdb_status": null, "proj_desc": null, "resettl_ge": null, "resettl_pe": null, "resettl_ho": null, "local_name": null, "notes": null, "source": null, "cartodb_id": 334, "created_at": "2015-07-13", "updated_at": "2015-07-13" }, "geometry": { "type": "MultiPoint", "coordinates": [ [ 102.535263, 15.88472 ] ] } },
{ "type": "Feature", "properties": { "fid": "mekongdams.214", "date_updat": 0, "region": "Asia (SE)", "country": "Thailand", "prov_state": null, "project": "Unknown", "rivers": null, "basin": "Mekong", "latitude": 15.90057, "longitude": 101.9841, "purpose": "Unknown", "numb_dams": null, "capacity": 0.0, "size": "NoData", "turbines": null, "dam_height": 0.0, "res_elev": null, "res_area_k": null, "res_capmil": null, "certainty": null, "status": "Unknown", "china_ovrs": null, "cost_us_m": 0, "financier": null, "financier2": null, "financier3": null, "developer": null, "builder": null, "sionhydrob": null, "contractor": null, "operator": null, "risk_insr": null, "start_date": 0, "complet_da": "Unknown", "oper_date": null, "hist_notes": null, "trans_line": null, "approv_not": null, "mdb_risk_c": null, "mdb_loan_t": null, "mdb_status": null, "proj_desc": null, "resettl_ge": null, "resettl_pe": null, "resettl_ho": null, "local_name": null, "notes": null, "source": null, "cartodb_id": 335, "created_at": "2015-07-13", "updated_at": "2015-07-13" }, "geometry": { "type": "MultiPoint", "coordinates": [ [ 101.9841, 15.90057 ] ] } },
{ "type": "Feature", "properties": { "fid": "mekongdams.215", "date_updat": 0, "region": "Asia (SE)", "country": "Thailand", "prov_state": null, "project": "Unknown", "rivers": null, "basin": "Mekong", "latitude": 15.95932, "longitude": 102.35585, "purpose": "Unknown", "numb_dams": null, "capacity": 0.0, "size": "NoData", "turbines": null, "dam_height": 0.0, "res_elev": null, "res_area_k": null, "res_capmil": null, "certainty": null, "status": "Unknown", "china_ovrs": null, "cost_us_m": 0, "financier": null, "financier2": null, "financier3": null, "developer": null, "builder": null, "sionhydrob": null, "contractor": null, "operator": null, "risk_insr": null, "start_date": 0, "complet_da": "Unknown", "oper_date": null, "hist_notes": null, "trans_line": null, "approv_not": null, "mdb_risk_c": null, "mdb_loan_t": null, "mdb_status": null, "proj_desc": null, "resettl_ge": null, "resettl_pe": null, "resettl_ho": null, "local_name": null, "notes": null, "source": null, "cartodb_id": 336, "created_at": "2015-07-13", "updated_at": "2015-07-13" }, "geometry": { "type": "MultiPoint", "coordinates": [ [ 102.35585, 15.95932 ] ] } },
{ "type": "Feature", "properties": { "fid": "mekongdams.218", "date_updat": 0, "region": "Asia (SE)", "country": "Thailand", "prov_state": null, "project": "Unknown", "rivers": null, "basin": "Mekong", "latitude": 16.075239, "longitude": 102.062759, "purpose": "Unknown", "numb_dams": null, "capacity": 0.0, "size": "NoData", "turbines": null, "dam_height": 0.0, "res_elev": null, "res_area_k": null, "res_capmil": null, "certainty": null, "status": "Unknown", "china_ovrs": null, "cost_us_m": 0, "financier": null, "financier2": null, "financier3": null, "developer": null, "builder": null, "sionhydrob": null, "contractor": null, "operator": null, "risk_insr": null, "start_date": 0, "complet_da": "Unknown", "oper_date": null, "hist_notes": null, "trans_line": null, "approv_not": null, "mdb_risk_c": null, "mdb_loan_t": null, "mdb_status": null, "proj_desc": null, "resettl_ge": null, "resettl_pe": null, "resettl_ho": null, "local_name": null, "notes": null, "source": null, "cartodb_id": 337, "created_at": "2015-07-13", "updated_at": "2015-07-13" }, "geometry": { "type": "MultiPoint", "coordinates": [ [ 102.062759, 16.075239 ] ] } },
{ "type": "Feature", "properties": { "fid": "mekongdams.223", "date_updat": 0, "region": "Asia (SE)", "country": "Thailand", "prov_state": null, "project": "Unknown", "rivers": null, "basin": "Mekong", "latitude": 16.34342, "longitude": 103.509621, "purpose": "Unknown", "numb_dams": null, "capacity": 0.0, "size": "NoData", "turbines": null, "dam_height": 0.0, "res_elev": null, "res_area_k": null, "res_capmil": null, "certainty": null, "status": "Unknown", "china_ovrs": null, "cost_us_m": 0, "financier": null, "financier2": null, "financier3": null, "developer": null, "builder": null, "sionhydrob": null, "contractor": null, "operator": null, "risk_insr": null, "start_date": 0, "complet_da": "Unknown", "oper_date": null, "hist_notes": null, "trans_line": null, "approv_not": null, "mdb_risk_c": null, "mdb_loan_t": null, "mdb_status": null, "proj_desc": null, "resettl_ge": null, "resettl_pe": null, "resettl_ho": null, "local_name": null, "notes": null, "source": null, "cartodb_id": 338, "created_at": "2015-07-13", "updated_at": "2015-07-13" }, "geometry": { "type": "MultiPoint", "coordinates": [ [ 103.509621000000124, 16.34342 ] ] } },
{ "type": "Feature", "properties": { "fid": "mekongdams.224", "date_updat": 0, "region": "Asia (SE)", "country": "Thailand", "prov_state": null, "project": "Unknown", "rivers": null, "basin": "Mekong", "latitude": 16.371161, "longitude": 103.563347, "purpose": "Unknown", "numb_dams": null, "capacity": 0.0, "size": "NoData", "turbines": null, "dam_height": 0.0, "res_elev": null, "res_area_k": null, "res_capmil": null, "certainty": null, "status": "Unknown", "china_ovrs": null, "cost_us_m": 0, "financier": null, "financier2": null, "financier3": null, "developer": null, "builder": null, "sionhydrob": null, "contractor": null, "operator": null, "risk_insr": null, "start_date": 0, "complet_da": "Unknown", "oper_date": null, "hist_notes": null, "trans_line": null, "approv_not": null, "mdb_risk_c": null, "mdb_loan_t": null, "mdb_status": null, "proj_desc": null, "resettl_ge": null, "resettl_pe": null, "resettl_ho": null, "local_name": null, "notes": null, "source": null, "cartodb_id": 339, "created_at": "2015-07-13", "updated_at": "2015-07-13" }, "geometry": { "type": "MultiPoint", "coordinates": [ [ 103.563347000000107, 16.371161 ] ] } },
{ "type": "Feature", "properties": { "fid": "mekongdams.225", "date_updat": 0, "region": "Asia (SE)", "country": "Thailand", "prov_state": null, "project": "Huai Kum", "rivers": null, "basin": "Mekong", "latitude": 16.410259, "longitude": 101.793198, "purpose": "Hydropower", "numb_dams": null, "capacity": 1.2, "size": "Large", "turbines": null, "dam_height": 35.5, "res_elev": null, "res_area_k": null, "res_capmil": null, "certainty": null, "status": "Operational", "china_ovrs": null, "cost_us_m": 0, "financier": null, "financier2": null, "financier3": null, "developer": null, "builder": null, "sionhydrob": null, "contractor": null, "operator": null, "risk_insr": null, "start_date": 0, "complet_da": "1980", "oper_date": null, "hist_notes": null, "trans_line": null, "approv_not": null, "mdb_risk_c": null, "mdb_loan_t": null, "mdb_status": null, "proj_desc": null, "resettl_ge": null, "resettl_pe": null, "resettl_ho": null, "local_name": null, "notes": null, "source": null, "cartodb_id": 340, "created_at": "2015-07-13", "updated_at": "2015-07-13" }, "geometry": { "type": "MultiPoint", "coordinates": [ [ 101.793198, 16.410259 ] ] } },
{ "type": "Feature", "properties": { "fid": "mekongdams.228", "date_updat": 0, "region": "Asia (SE)", "country": "Thailand", "prov_state": null, "project": "Chulabhorn", "rivers": null, "basin": "Mekong", "latitude": 16.536261, "longitude": 101.650032, "purpose": "Hydropower", "numb_dams": null, "capacity": 40.0, "size": "Large", "turbines": null, "dam_height": 70.0, "res_elev": null, "res_area_k": null, "res_capmil": null, "certainty": null, "status": "Operational", "china_ovrs": null, "cost_us_m": 0, "financier": null, "financier2": null, "financier3": null, "developer": null, "builder": null, "sionhydrob": null, "contractor": null, "operator": null, "risk_insr": null, "start_date": 0, "complet_da": "1972", "oper_date": null, "hist_notes": null, "trans_line": null, "approv_not": null, "mdb_risk_c": null, "mdb_loan_t": null, "mdb_status": null, "proj_desc": null, "resettl_ge": null, "resettl_pe": null, "resettl_ho": null, "local_name": null, "notes": null, "source": null, "cartodb_id": 341, "created_at": "2015-07-13", "updated_at": "2015-07-13" }, "geometry": { "type": "MultiPoint", "coordinates": [ [ 101.650032, 16.536261 ] ] } },
{ "type": "Feature", "properties": { "fid": "mekongdams.229", "date_updat": 0, "region": "Asia (SE)", "country": "Thailand", "prov_state": null, "project": "Unknown", "rivers": null, "basin": "Mekong", "latitude": 16.536301, "longitude": 103.688782, "purpose": "Unknown", "numb_dams": null, "capacity": 0.0, "size": "NoData", "turbines": null, "dam_height": 0.0, "res_elev": null, "res_area_k": null, "res_capmil": null, "certainty": null, "status": "Unknown", "china_ovrs": null, "cost_us_m": 0, "financier": null, "financier2": null, "financier3": null, "developer": null, "builder": null, "sionhydrob": null, "contractor": null, "operator": null, "risk_insr": null, "start_date": 0, "complet_da": "Unknown", "oper_date": null, "hist_notes": null, "trans_line": null, "approv_not": null, "mdb_risk_c": null, "mdb_loan_t": null, "mdb_status": null, "proj_desc": null, "resettl_ge": null, "resettl_pe": null, "resettl_ho": null, "local_name": null, "notes": null, "source": null, "cartodb_id": 342, "created_at": "2015-07-13", "updated_at": "2015-07-13" }, "geometry": { "type": "MultiPoint", "coordinates": [ [ 103.688782, 16.536301 ] ] } },
{ "type": "Feature", "properties": { "fid": "mekongdams.233", "date_updat": 0, "region": "Asia (SE)", "country": "Thailand", "prov_state": null, "project": "Unknown", "rivers": null, "basin": "Mekong", "latitude": 16.693001, "longitude": 103.859734, "purpose": "Unknown", "numb_dams": null, "capacity": 0.0, "size": "NoData", "turbines": null, "dam_height": 0.0, "res_elev": null, "res_area_k": null, "res_capmil": null, "certainty": null, "status": "Unknown", "china_ovrs": null, "cost_us_m": 0, "financier": null, "financier2": null, "financier3": null, "developer": null, "builder": null, "sionhydrob": null, "contractor": null, "operator": null, "risk_insr": null, "start_date": 0, "complet_da": "Unknown", "oper_date": null, "hist_notes": null, "trans_line": null, "approv_not": null, "mdb_risk_c": null, "mdb_loan_t": null, "mdb_status": null, "proj_desc": null, "resettl_ge": null, "resettl_pe": null, "resettl_ho": null, "local_name": null, "notes": null, "source": null, "cartodb_id": 344, "created_at": "2015-07-13", "updated_at": "2015-07-13" }, "geometry": { "type": "MultiPoint", "coordinates": [ [ 103.859734, 16.693001 ] ] } },
{ "type": "Feature", "properties": { "fid": "mekongdams.234", "date_updat": 0, "region": "Asia (SE)", "country": "Thailand", "prov_state": null, "project": "Ubol Ratana", "rivers": null, "basin": "Mekong", "latitude": 16.775391, "longitude": 102.618317, "purpose": "Hydropower", "numb_dams": null, "capacity": 25.2, "size": "Large", "turbines": null, "dam_height": 35.1, "res_elev": null, "res_area_k": null, "res_capmil": null, "certainty": null, "status": "Operational", "china_ovrs": null, "cost_us_m": 0, "financier": null, "financier2": null, "financier3": null, "developer": null, "builder": null, "sionhydrob": null, "contractor": null, "operator": null, "risk_insr": null, "start_date": 0, "complet_da": "1966", "oper_date": null, "hist_notes": null, "trans_line": null, "approv_not": null, "mdb_risk_c": null, "mdb_loan_t": null, "mdb_status": null, "proj_desc": null, "resettl_ge": null, "resettl_pe": null, "resettl_ho": null, "local_name": null, "notes": null, "source": null, "cartodb_id": 345, "created_at": "2015-07-13", "updated_at": "2015-07-13" }, "geometry": { "type": "MultiPoint", "coordinates": [ [ 102.618317, 16.775391 ] ] } },
{ "type": "Feature", "properties": { "fid": "mekongdams.235", "date_updat": 0, "region": "Asia (SE)", "country": "Thailand", "prov_state": null, "project": "Unknown", "rivers": null, "basin": "Mekong", "latitude": 16.82745, "longitude": 104.713791, "purpose": "Unknown", "numb_dams": null, "capacity": 0.0, "size": "NoData", "turbines": null, "dam_height": 0.0, "res_elev": null, "res_area_k": null, "res_capmil": null, "certainty": null, "status": "Unknown", "china_ovrs": null, "cost_us_m": 0, "financier": null, "financier2": null, "financier3": null, "developer": null, "builder": null, "sionhydrob": null, "contractor": null, "operator": null, "risk_insr": null, "start_date": 0, "complet_da": "Unknown", "oper_date": null, "hist_notes": null, "trans_line": null, "approv_not": null, "mdb_risk_c": null, "mdb_loan_t": null, "mdb_status": null, "proj_desc": null, "resettl_ge": null, "resettl_pe": null, "resettl_ho": null, "local_name": null, "notes": null, "source": null, "cartodb_id": 346, "created_at": "2015-07-13", "updated_at": "2015-07-13" }, "geometry": { "type": "MultiPoint", "coordinates": [ [ 104.713791, 16.82745 ] ] } },
{ "type": "Feature", "properties": { "fid": "mekongdams.236", "date_updat": 0, "region": "Asia (SE)", "country": "Thailand", "prov_state": null, "project": "Unknown", "rivers": null, "basin": "Mekong", "latitude": 16.84034, "longitude": 103.750778, "purpose": "Unknown", "numb_dams": null, "capacity": 0.0, "size": "NoData", "turbines": null, "dam_height": 0.0, "res_elev": null, "res_area_k": null, "res_capmil": null, "certainty": null, "status": "Unknown", "china_ovrs": null, "cost_us_m": 0, "financier": null, "financier2": null, "financier3": null, "developer": null, "builder": null, "sionhydrob": null, "contractor": null, "operator": null, "risk_insr": null, "start_date": 0, "complet_da": "Unknown", "oper_date": null, "hist_notes": null, "trans_line": null, "approv_not": null, "mdb_risk_c": null, "mdb_loan_t": null, "mdb_status": null, "proj_desc": null, "resettl_ge": null, "resettl_pe": null, "resettl_ho": null, "local_name": null, "notes": null, "source": null, "cartodb_id": 347, "created_at": "2015-07-13", "updated_at": "2015-07-13" }, "geometry": { "type": "MultiPoint", "coordinates": [ [ 103.750778000000111, 16.84034 ] ] } },
{ "type": "Feature", "properties": { "fid": "mekongdams.238", "date_updat": 0, "region": "Asia (SE)", "country": "Thailand", "prov_state": null, "project": "Nam Pung", "rivers": null, "basin": "Mekong", "latitude": 16.9729, "longitude": 103.983177, "purpose": "Hydropower", "numb_dams": null, "capacity": 6.3, "size": "Large", "turbines": null, "dam_height": 41.0, "res_elev": null, "res_area_k": null, "res_capmil": null, "certainty": null, "status": "Operational", "china_ovrs": null, "cost_us_m": 0, "financier": null, "financier2": null, "financier3": null, "developer": null, "builder": null, "sionhydrob": null, "contractor": null, "operator": null, "risk_insr": null, "start_date": 0, "complet_da": "1965", "oper_date": null, "hist_notes": null, "trans_line": null, "approv_not": null, "mdb_risk_c": null, "mdb_loan_t": null, "mdb_status": null, "proj_desc": null, "resettl_ge": null, "resettl_pe": null, "resettl_ho": null, "local_name": null, "notes": null, "source": null, "cartodb_id": 348, "created_at": "2015-07-13", "updated_at": "2015-07-13" }, "geometry": { "type": "MultiPoint", "coordinates": [ [ 103.983177, 16.9729 ] ] } },
{ "type": "Feature", "properties": { "fid": "mekongdams.239", "date_updat": 0, "region": "Asia (SE)", "country": "Thailand", "prov_state": null, "project": "Nong Han", "rivers": null, "basin": "Mekong", "latitude": 17.144305, "longitude": 104.273757, "purpose": null, "numb_dams": null, "capacity": 0.0, "size": "NoData", "turbines": null, "dam_height": 0.0, "res_elev": null, "res_area_k": null, "res_capmil": null, "certainty": null, "status": "Operational", "china_ovrs": null, "cost_us_m": 0, "financier": null, "financier2": null, "financier3": null, "developer": null, "builder": null, "sionhydrob": null, "contractor": null, "operator": null, "risk_insr": null, "start_date": 0, "complet_da": null, "oper_date": null, "hist_notes": null, "trans_line": null, "approv_not": null, "mdb_risk_c": null, "mdb_loan_t": null, "mdb_status": null, "proj_desc": null, "resettl_ge": null, "resettl_pe": null, "resettl_ho": null, "local_name": null, "notes": null, "source": null, "cartodb_id": 349, "created_at": "2015-07-13", "updated_at": "2015-07-13" }, "geometry": { "type": "MultiPoint", "coordinates": [ [ 104.273757000000131, 17.144305 ] ] } },
{ "type": "Feature", "properties": { "fid": "mekongdams.241", "date_updat": 0, "region": "Asia (SE)", "country": "Thailand", "prov_state": null, "project": "Nam Un", "rivers": null, "basin": "Mekong", "latitude": 17.30521, "longitude": 103.754379, "purpose": "Unknown", "numb_dams": null, "capacity": 0.0, "size": "NoData", "turbines": null, "dam_height": 0.0, "res_elev": null, "res_area_k": null, "res_capmil": null, "certainty": null, "status": "Operational", "china_ovrs": null, "cost_us_m": 0, "financier": null, "financier2": null, "financier3": null, "developer": null, "builder": null, "sionhydrob": null, "contractor": null, "operator": null, "risk_insr": null, "start_date": 0, "complet_da": "Unknown", "oper_date": null, "hist_notes": null, "trans_line": null, "approv_not": null, "mdb_risk_c": null, "mdb_loan_t": null, "mdb_status": null, "proj_desc": null, "resettl_ge": null, "resettl_pe": null, "resettl_ho": null, "local_name": null, "notes": null, "source": null, "cartodb_id": 350, "created_at": "2015-07-13", "updated_at": "2015-07-13" }, "geometry": { "type": "MultiPoint", "coordinates": [ [ 103.754379, 17.30521 ] ] } },
{ "type": "Feature", "properties": { "fid": "mekongdams.242", "date_updat": 0, "region": "Asia (SE)", "country": "Thailand", "prov_state": null, "project": "Unknown", "rivers": null, "basin": "Mekong", "latitude": 17.30521, "longitude": 103.754379, "purpose": "Unknown", "numb_dams": null, "capacity": 0.0, "size": "NoData", "turbines": null, "dam_height": 0.0, "res_elev": null, "res_area_k": null, "res_capmil": null, "certainty": null, "status": "Unknown", "china_ovrs": null, "cost_us_m": 0, "financier": null, "financier2": null, "financier3": null, "developer": null, "builder": null, "sionhydrob": null, "contractor": null, "operator": null, "risk_insr": null, "start_date": 0, "complet_da": "Unknown", "oper_date": null, "hist_notes": null, "trans_line": null, "approv_not": null, "mdb_risk_c": null, "mdb_loan_t": null, "mdb_status": null, "proj_desc": null, "resettl_ge": null, "resettl_pe": null, "resettl_ho": null, "local_name": null, "notes": null, "source": null, "cartodb_id": 351, "created_at": "2015-07-13", "updated_at": "2015-07-13" }, "geometry": { "type": "MultiPoint", "coordinates": [ [ 103.754379, 17.30521 ] ] } },
{ "type": "Feature", "properties": { "fid": "mekongdams.244", "date_updat": 0, "region": "Asia (SE)", "country": "Thailand", "prov_state": null, "project": "Unknown", "rivers": null, "basin": "Mekong", "latitude": 17.73395, "longitude": 103.273911, "purpose": "Unknown", "numb_dams": null, "capacity": 0.0, "size": "NoData", "turbines": null, "dam_height": 0.0, "res_elev": null, "res_area_k": null, "res_capmil": null, "certainty": null, "status": "Unknown", "china_ovrs": null, "cost_us_m": 0, "financier": null, "financier2": null, "financier3": null, "developer": null, "builder": null, "sionhydrob": null, "contractor": null, "operator": null, "risk_insr": null, "start_date": 0, "complet_da": "Unknown", "oper_date": null, "hist_notes": null, "trans_line": null, "approv_not": null, "mdb_risk_c": null, "mdb_loan_t": null, "mdb_status": null, "proj_desc": null, "resettl_ge": null, "resettl_pe": null, "resettl_ho": null, "local_name": null, "notes": null, "source": null, "cartodb_id": 352, "created_at": "2015-07-13", "updated_at": "2015-07-13" }, "geometry": { "type": "MultiPoint", "coordinates": [ [ 103.273911, 17.73395 ] ] } },
{ "type": "Feature", "properties": { "fid": "mekongdams.247", "date_updat": 0, "region": "Asia (SE)", "country": "Thailand", "prov_state": null, "project": "Unknown", "rivers": null, "basin": "Mekong", "latitude": 17.85009, "longitude": 103.096458, "purpose": "Unknown", "numb_dams": null, "capacity": 0.0, "size": "NoData", "turbines": null, "dam_height": 0.0, "res_elev": null, "res_area_k": null, "res_capmil": null, "certainty": null, "status": "Unknown", "china_ovrs": null, "cost_us_m": 0, "financier": null, "financier2": null, "financier3": null, "developer": null, "builder": null, "sionhydrob": null, "contractor": null, "operator": null, "risk_insr": null, "start_date": 0, "complet_da": "Unknown", "oper_date": null, "hist_notes": null, "trans_line": null, "approv_not": null, "mdb_risk_c": null, "mdb_loan_t": null, "mdb_status": null, "proj_desc": null, "resettl_ge": null, "resettl_pe": null, "resettl_ho": null, "local_name": null, "notes": null, "source": null, "cartodb_id": 353, "created_at": "2015-07-13", "updated_at": "2015-07-13" }, "geometry": { "type": "MultiPoint", "coordinates": [ [ 103.096458, 17.85009 ] ] } },
{ "type": "Feature", "properties": { "fid": "mekongdams.317", "date_updat": 0, "region": "Asia (SE)", "country": "Vietnam", "prov_state": null, "project": "Unknown", "rivers": null, "basin": "Mekong", "latitude": 21.290529, "longitude": 103.030479, "purpose": "Unknown", "numb_dams": null, "capacity": 0.0, "size": "NoData", "turbines": null, "dam_height": 0.0, "res_elev": null, "res_area_k": null, "res_capmil": null, "certainty": null, "status": "Unknown", "china_ovrs": null, "cost_us_m": 0, "financier": null, "financier2": null, "financier3": null, "developer": null, "builder": null, "sionhydrob": null, "contractor": null, "operator": null, "risk_insr": null, "start_date": 0, "complet_da": "Unknown", "oper_date": null, "hist_notes": null, "trans_line": null, "approv_not": null, "mdb_risk_c": null, "mdb_loan_t": null, "mdb_status": null, "proj_desc": null, "resettl_ge": null, "resettl_pe": null, "resettl_ho": null, "local_name": null, "notes": null, "source": null, "cartodb_id": 439, "created_at": "2015-07-13", "updated_at": "2015-07-13" }, "geometry": { "type": "MultiPoint", "coordinates": [ [ 103.030479, 21.290529 ] ] } },
{ "type": "Feature", "properties": { "fid": "mekongdams.319", "date_updat": 0, "region": "Asia (SE)", "country": "Vietnam", "prov_state": null, "project": "Unknown", "rivers": null, "basin": "Mekong", "latitude": 21.45244, "longitude": 103.089058, "purpose": "Unknown", "numb_dams": null, "capacity": 0.0, "size": "NoData", "turbines": null, "dam_height": 0.0, "res_elev": null, "res_area_k": null, "res_capmil": null, "certainty": null, "status": "Unknown", "china_ovrs": null, "cost_us_m": 0, "financier": null, "financier2": null, "financier3": null, "developer": null, "builder": null, "sionhydrob": null, "contractor": null, "operator": null, "risk_insr": null, "start_date": 0, "complet_da": "Unknown", "oper_date": null, "hist_notes": null, "trans_line": null, "approv_not": null, "mdb_risk_c": null, "mdb_loan_t": null, "mdb_status": null, "proj_desc": null, "resettl_ge": null, "resettl_pe": null, "resettl_ho": null, "local_name": null, "notes": null, "source": null, "cartodb_id": 440, "created_at": "2015-07-13", "updated_at": "2015-07-13" }, "geometry": { "type": "MultiPoint", "coordinates": [ [ 103.089058000000108, 21.45244 ] ] } },
{ "type": "Feature", "properties": { "fid": "mekongdams.289", "date_updat": 0, "region": "Asia (SE)", "country": "Thailand", "prov_state": null, "project": "Unknown", "rivers": null, "basin": "Mekong", "latitude": 19.160009, "longitude": 99.914322, "purpose": "Unknown", "numb_dams": null, "capacity": 0.0, "size": "NoData", "turbines": null, "dam_height": 0.0, "res_elev": null, "res_area_k": null, "res_capmil": null, "certainty": null, "status": "Unknown", "china_ovrs": null, "cost_us_m": 0, "financier": null, "financier2": null, "financier3": null, "developer": null, "builder": null, "sionhydrob": null, "contractor": null, "operator": null, "risk_insr": null, "start_date": 0, "complet_da": "Unknown", "oper_date": null, "hist_notes": null, "trans_line": null, "approv_not": null, "mdb_risk_c": null, "mdb_loan_t": null, "mdb_status": null, "proj_desc": null, "resettl_ge": null, "resettl_pe": null, "resettl_ho": null, "local_name": null, "notes": null, "source": null, "cartodb_id": 354, "created_at": "2015-07-13", "updated_at": "2015-07-13" }, "geometry": { "type": "MultiPoint", "coordinates": [ [ 99.914322000000112, 19.160009 ] ] } },
{ "type": "Feature", "properties": { "fid": "mekongdams.293", "date_updat": 0, "region": "Asia (SE)", "country": "Thailand", "prov_state": null, "project": "Unknown", "rivers": null, "basin": "Mekong", "latitude": 19.35087, "longitude": 99.824928, "purpose": "Unknown", "numb_dams": null, "capacity": 0.0, "size": "NoData", "turbines": null, "dam_height": 0.0, "res_elev": null, "res_area_k": null, "res_capmil": null, "certainty": null, "status": "Unknown", "china_ovrs": null, "cost_us_m": 0, "financier": null, "financier2": null, "financier3": null, "developer": null, "builder": null, "sionhydrob": null, "contractor": null, "operator": null, "risk_insr": null, "start_date": 0, "complet_da": "Unknown", "oper_date": null, "hist_notes": null, "trans_line": null, "approv_not": null, "mdb_risk_c": null, "mdb_loan_t": null, "mdb_status": null, "proj_desc": null, "resettl_ge": null, "resettl_pe": null, "resettl_ho": null, "local_name": null, "notes": null, "source": null, "cartodb_id": 355, "created_at": "2015-07-13", "updated_at": "2015-07-13" }, "geometry": { "type": "MultiPoint", "coordinates": [ [ 99.824928, 19.35087 ] ] } },
{ "type": "Feature", "properties": { "fid": "mekongdams.294", "date_updat": 0, "region": "Asia (SE)", "country": "Thailand", "prov_state": null, "project": "Unknown", "rivers": null, "basin": "Mekong", "latitude": 19.3563, "longitude": 99.868103, "purpose": "Unknown", "numb_dams": null, "capacity": 0.0, "size": "NoData", "turbines": null, "dam_height": 0.0, "res_elev": null, "res_area_k": null, "res_capmil": null, "certainty": null, "status": "Unknown", "china_ovrs": null, "cost_us_m": 0, "financier": null, "financier2": null, "financier3": null, "developer": null, "builder": null, "sionhydrob": null, "contractor": null, "operator": null, "risk_insr": null, "start_date": 0, "complet_da": "Unknown", "oper_date": null, "hist_notes": null, "trans_line": null, "approv_not": null, "mdb_risk_c": null, "mdb_loan_t": null, "mdb_status": null, "proj_desc": null, "resettl_ge": null, "resettl_pe": null, "resettl_ho": null, "local_name": null, "notes": null, "source": null, "cartodb_id": 356, "created_at": "2015-07-13", "updated_at": "2015-07-13" }, "geometry": { "type": "MultiPoint", "coordinates": [ [ 99.868103, 19.3563 ] ] } },
{ "type": "Feature", "properties": { "fid": "mekongdams.309", "date_updat": 0, "region": "Asia (SE)", "country": "Thailand", "prov_state": null, "project": "Unknown", "rivers": null, "basin": "Mekong", "latitude": 20.25947, "longitude": 100.050087, "purpose": "Unknown", "numb_dams": null, "capacity": 0.0, "size": "NoData", "turbines": null, "dam_height": 0.0, "res_elev": null, "res_area_k": null, "res_capmil": null, "certainty": null, "status": "Unknown", "china_ovrs": null, "cost_us_m": 0, "financier": null, "financier2": null, "financier3": null, "developer": null, "builder": null, "sionhydrob": null, "contractor": null, "operator": null, "risk_insr": null, "start_date": 0, "complet_da": "Unknown", "oper_date": null, "hist_notes": null, "trans_line": null, "approv_not": null, "mdb_risk_c": null, "mdb_loan_t": null, "mdb_status": null, "proj_desc": null, "resettl_ge": null, "resettl_pe": null, "resettl_ho": null, "local_name": null, "notes": null, "source": null, "cartodb_id": 357, "created_at": "2015-07-13", "updated_at": "2015-07-13" }, "geometry": { "type": "MultiPoint", "coordinates": [ [ 100.050087, 20.25947 ] ] } },
{ "type": "Feature", "properties": { "fid": "mekongdams.96", "date_updat": 0, "region": "Asia (SE)", "country": "Vietnam", "prov_state": null, "project": "Dak Pla", "rivers": null, "basin": "Mekong", "latitude": 14.32897, "longitude": 108.070415, "purpose": null, "numb_dams": null, "capacity": 0.0, "size": "NoData", "turbines": null, "dam_height": 0.0, "res_elev": null, "res_area_k": null, "res_capmil": null, "certainty": null, "status": "Planned", "china_ovrs": null, "cost_us_m": 0, "financier": null, "financier2": null, "financier3": null, "developer": null, "builder": null, "sionhydrob": null, "contractor": null, "operator": null, "risk_insr": null, "start_date": 0, "complet_da": null, "oper_date": null, "hist_notes": null, "trans_line": null, "approv_not": null, "mdb_risk_c": null, "mdb_loan_t": null, "mdb_status": null, "proj_desc": null, "resettl_ge": null, "resettl_pe": null, "resettl_ho": null, "local_name": null, "notes": null, "source": null, "cartodb_id": 423, "created_at": "2015-07-13", "updated_at": "2015-07-13" }, "geometry": { "type": "MultiPoint", "coordinates": [ [ 108.070415, 14.32897 ] ] } },
{ "type": "Feature", "properties": { "fid": "mekongdams.8", "date_updat": 0, "region": "Asia (SE)", "country": "Vietnam", "prov_state": null, "project": "Duc Xuyen", "rivers": null, "basin": "Mekong", "latitude": 12.14071, "longitude": 108.100739, "purpose": "Hydropower", "numb_dams": null, "capacity": 49.0, "size": "Large", "turbines": null, "dam_height": 88.0, "res_elev": null, "res_area_k": null, "res_capmil": null, "certainty": null, "status": "Planned", "china_ovrs": null, "cost_us_m": 0, "financier": null, "financier2": null, "financier3": null, "developer": null, "builder": null, "sionhydrob": null, "contractor": null, "operator": null, "risk_insr": null, "start_date": 0, "complet_da": "Unknown", "oper_date": null, "hist_notes": null, "trans_line": null, "approv_not": null, "mdb_risk_c": null, "mdb_loan_t": null, "mdb_status": null, "proj_desc": null, "resettl_ge": null, "resettl_pe": null, "resettl_ho": null, "local_name": null, "notes": null, "source": null, "cartodb_id": 358, "created_at": "2015-07-13", "updated_at": "2015-07-13" }, "geometry": { "type": "MultiPoint", "coordinates": [ [ 108.100739, 12.14071 ] ] } },
{ "type": "Feature", "properties": { "fid": "mekongdams.11", "date_updat": 0, "region": "Asia (SE)", "country": "Vietnam", "prov_state": null, "project": "Unknown", "rivers": null, "basin": "Mekong", "latitude": 12.27381, "longitude": 108.054024, "purpose": "Unknown", "numb_dams": null, "capacity": 0.0, "size": "NoData", "turbines": null, "dam_height": 0.0, "res_elev": null, "res_area_k": null, "res_capmil": null, "certainty": null, "status": "Unknown", "china_ovrs": null, "cost_us_m": 0, "financier": null, "financier2": null, "financier3": null, "developer": null, "builder": null, "sionhydrob": null, "contractor": null, "operator": null, "risk_insr": null, "start_date": 0, "complet_da": "Unknown", "oper_date": null, "hist_notes": null, "trans_line": null, "approv_not": null, "mdb_risk_c": null, "mdb_loan_t": null, "mdb_status": null, "proj_desc": null, "resettl_ge": null, "resettl_pe": null, "resettl_ho": null, "local_name": null, "notes": null, "source": null, "cartodb_id": 359, "created_at": "2015-07-13", "updated_at": "2015-07-13" }, "geometry": { "type": "MultiPoint", "coordinates": [ [ 108.054024000000112, 12.27381 ] ] } },
{ "type": "Feature", "properties": { "fid": "mekongdams.13", "date_updat": 0, "region": "Asia (SE)", "country": "Vietnam", "prov_state": null, "project": "Buon Tua Srah", "rivers": null, "basin": "Mekong", "latitude": 12.2779, "longitude": 108.043259, "purpose": "Hydropower", "numb_dams": null, "capacity": 86.0, "size": "Large", "turbines": null, "dam_height": 83.0, "res_elev": null, "res_area_k": null, "res_capmil": null, "certainty": null, "status": "Operational", "china_ovrs": null, "cost_us_m": 0, "financier": null, "financier2": null, "financier3": null, "developer": null, "builder": null, "sionhydrob": null, "contractor": null, "operator": null, "risk_insr": null, "start_date": 0, "complet_da": "2009", "oper_date": null, "hist_notes": null, "trans_line": null, "approv_not": null, "mdb_risk_c": null, "mdb_loan_t": null, "mdb_status": null, "proj_desc": null, "resettl_ge": null, "resettl_pe": null, "resettl_ho": null, "local_name": null, "notes": null, "source": null, "cartodb_id": 360, "created_at": "2015-07-13", "updated_at": "2015-07-13" }, "geometry": { "type": "MultiPoint", "coordinates": [ [ 108.043259, 12.2779 ] ] } },
{ "type": "Feature", "properties": { "fid": "mekongdams.15", "date_updat": 0, "region": "Asia (SE)", "country": "Vietnam", "prov_state": null, "project": "Unknown", "rivers": null, "basin": "Mekong", "latitude": 12.37266, "longitude": 108.075752, "purpose": "Unknown", "numb_dams": null, "capacity": 0.0, "size": "NoData", "turbines": null, "dam_height": 0.0, "res_elev": null, "res_area_k": null, "res_capmil": null, "certainty": null, "status": "Unknown", "china_ovrs": null, "cost_us_m": 0, "financier": null, "financier2": null, "financier3": null, "developer": null, "builder": null, "sionhydrob": null, "contractor": null, "operator": null, "risk_insr": null, "start_date": 0, "complet_da": "Unknown", "oper_date": null, "hist_notes": null, "trans_line": null, "approv_not": null, "mdb_risk_c": null, "mdb_loan_t": null, "mdb_status": null, "proj_desc": null, "resettl_ge": null, "resettl_pe": null, "resettl_ho": null, "local_name": null, "notes": null, "source": null, "cartodb_id": 361, "created_at": "2015-07-13", "updated_at": "2015-07-13" }, "geometry": { "type": "MultiPoint", "coordinates": [ [ 108.075752000000108, 12.37266 ] ] } },
{ "type": "Feature", "properties": { "fid": "mekongdams.16", "date_updat": 0, "region": "Asia (SE)", "country": "Vietnam", "prov_state": null, "project": "Unknown", "rivers": null, "basin": "Mekong", "latitude": 12.3774, "longitude": 107.918388, "purpose": "Unknown", "numb_dams": null, "capacity": 0.0, "size": "NoData", "turbines": null, "dam_height": 0.0, "res_elev": null, "res_area_k": null, "res_capmil": null, "certainty": null, "status": "Unknown", "china_ovrs": null, "cost_us_m": 0, "financier": null, "financier2": null, "financier3": null, "developer": null, "builder": null, "sionhydrob": null, "contractor": null, "operator": null, "risk_insr": null, "start_date": 0, "complet_da": "Unknown", "oper_date": null, "hist_notes": null, "trans_line": null, "approv_not": null, "mdb_risk_c": null, "mdb_loan_t": null, "mdb_status": null, "proj_desc": null, "resettl_ge": null, "resettl_pe": null, "resettl_ho": null, "local_name": null, "notes": null, "source": null, "cartodb_id": 362, "created_at": "2015-07-13", "updated_at": "2015-07-13" }, "geometry": { "type": "MultiPoint", "coordinates": [ [ 107.918388, 12.3774 ] ] } },
{ "type": "Feature", "properties": { "fid": "mekongdams.17", "date_updat": 0, "region": "Asia (SE)", "country": "Vietnam", "prov_state": null, "project": "Unknown", "rivers": null, "basin": "Mekong", "latitude": 12.38708, "longitude": 108.120354, "purpose": "Unknown", "numb_dams": null, "capacity": 0.0, "size": "NoData", "turbines": null, "dam_height": 0.0, "res_elev": null, "res_area_k": null, "res_capmil": null, "certainty": null, "status": "Unknown", "china_ovrs": null, "cost_us_m": 0, "financier": null, "financier2": null, "financier3": null, "developer": null, "builder": null, "sionhydrob": null, "contractor": null, "operator": null, "risk_insr": null, "start_date": 0, "complet_da": "Unknown", "oper_date": null, "hist_notes": null, "trans_line": null, "approv_not": null, "mdb_risk_c": null, "mdb_loan_t": null, "mdb_status": null, "proj_desc": null, "resettl_ge": null, "resettl_pe": null, "resettl_ho": null, "local_name": null, "notes": null, "source": null, "cartodb_id": 363, "created_at": "2015-07-13", "updated_at": "2015-07-13" }, "geometry": { "type": "MultiPoint", "coordinates": [ [ 108.120354000000106, 12.38708 ] ] } },
{ "type": "Feature", "properties": { "fid": "mekongdams.18", "date_updat": 0, "region": "Asia (SE)", "country": "Vietnam", "prov_state": null, "project": "Unknown", "rivers": null, "basin": "Mekong", "latitude": 12.38793, "longitude": 107.646461, "purpose": "Unknown", "numb_dams": null, "capacity": 0.0, "size": "NoData", "turbines": null, "dam_height": 0.0, "res_elev": null, "res_area_k": null, "res_capmil": null, "certainty": null, "status": "Unknown", "china_ovrs": null, "cost_us_m": 0, "financier": null, "financier2": null, "financier3": null, "developer": null, "builder": null, "sionhydrob": null, "contractor": null, "operator": null, "risk_insr": null, "start_date": 0, "complet_da": "Unknown", "oper_date": null, "hist_notes": null, "trans_line": null, "approv_not": null, "mdb_risk_c": null, "mdb_loan_t": null, "mdb_status": null, "proj_desc": null, "resettl_ge": null, "resettl_pe": null, "resettl_ho": null, "local_name": null, "notes": null, "source": null, "cartodb_id": 364, "created_at": "2015-07-13", "updated_at": "2015-07-13" }, "geometry": { "type": "MultiPoint", "coordinates": [ [ 107.646461, 12.38793 ] ] } },
{ "type": "Feature", "properties": { "fid": "mekongdams.21", "date_updat": 0, "region": "Asia (SE)", "country": "Vietnam", "prov_state": null, "project": "Unknown", "rivers": null, "basin": "Mekong", "latitude": 12.40972, "longitude": 108.179298, "purpose": "Unknown", "numb_dams": null, "capacity": 0.0, "size": "NoData", "turbines": null, "dam_height": 0.0, "res_elev": null, "res_area_k": null, "res_capmil": null, "certainty": null, "status": "Unknown", "china_ovrs": null, "cost_us_m": 0, "financier": null, "financier2": null, "financier3": null, "developer": null, "builder": null, "sionhydrob": null, "contractor": null, "operator": null, "risk_insr": null, "start_date": 0, "complet_da": "Unknown", "oper_date": null, "hist_notes": null, "trans_line": null, "approv_not": null, "mdb_risk_c": null, "mdb_loan_t": null, "mdb_status": null, "proj_desc": null, "resettl_ge": null, "resettl_pe": null, "resettl_ho": null, "local_name": null, "notes": null, "source": null, "cartodb_id": 367, "created_at": "2015-07-13", "updated_at": "2015-07-13" }, "geometry": { "type": "MultiPoint", "coordinates": [ [ 108.179298000000102, 12.40972 ] ] } },
{ "type": "Feature", "properties": { "fid": "mekongdams.22", "date_updat": 0, "region": "Asia (SE)", "country": "Vietnam", "prov_state": null, "project": "Unknown", "rivers": null, "basin": "Mekong", "latitude": 12.40997, "longitude": 107.683472, "purpose": "Unknown", "numb_dams": null, "capacity": 0.0, "size": "NoData", "turbines": null, "dam_height": 0.0, "res_elev": null, "res_area_k": null, "res_capmil": null, "certainty": null, "status": "Unknown", "china_ovrs": null, "cost_us_m": 0, "financier": null, "financier2": null, "financier3": null, "developer": null, "builder": null, "sionhydrob": null, "contractor": null, "operator": null, "risk_insr": null, "start_date": 0, "complet_da": "Unknown", "oper_date": null, "hist_notes": null, "trans_line": null, "approv_not": null, "mdb_risk_c": null, "mdb_loan_t": null, "mdb_status": null, "proj_desc": null, "resettl_ge": null, "resettl_pe": null, "resettl_ho": null, "local_name": null, "notes": null, "source": null, "cartodb_id": 368, "created_at": "2015-07-13", "updated_at": "2015-07-13" }, "geometry": { "type": "MultiPoint", "coordinates": [ [ 107.683472000000137, 12.40997 ] ] } },
{ "type": "Feature", "properties": { "fid": "mekongdams.29", "date_updat": 0, "region": "Asia (SE)", "country": "Vietnam", "prov_state": null, "project": "Unknown", "rivers": null, "basin": "Mekong", "latitude": 12.46258, "longitude": 107.861778, "purpose": "Unknown", "numb_dams": null, "capacity": 0.0, "size": "NoData", "turbines": null, "dam_height": 0.0, "res_elev": null, "res_area_k": null, "res_capmil": null, "certainty": null, "status": "Unknown", "china_ovrs": null, "cost_us_m": 0, "financier": null, "financier2": null, "financier3": null, "developer": null, "builder": null, "sionhydrob": null, "contractor": null, "operator": null, "risk_insr": null, "start_date": 0, "complet_da": "Unknown", "oper_date": null, "hist_notes": null, "trans_line": null, "approv_not": null, "mdb_risk_c": null, "mdb_loan_t": null, "mdb_status": null, "proj_desc": null, "resettl_ge": null, "resettl_pe": null, "resettl_ho": null, "local_name": null, "notes": null, "source": null, "cartodb_id": 374, "created_at": "2015-07-13", "updated_at": "2015-07-13" }, "geometry": { "type": "MultiPoint", "coordinates": [ [ 107.861778000000157, 12.46258 ] ] } },
{ "type": "Feature", "properties": { "fid": "mekongdams.30", "date_updat": 0, "region": "Asia (SE)", "country": "Vietnam", "prov_state": null, "project": "Unknown", "rivers": null, "basin": "Mekong", "latitude": 12.48132, "longitude": 108.068909, "purpose": "Unknown", "numb_dams": null, "capacity": 0.0, "size": "NoData", "turbines": null, "dam_height": 0.0, "res_elev": null, "res_area_k": null, "res_capmil": null, "certainty": null, "status": "Unknown", "china_ovrs": null, "cost_us_m": 0, "financier": null, "financier2": null, "financier3": null, "developer": null, "builder": null, "sionhydrob": null, "contractor": null, "operator": null, "risk_insr": null, "start_date": 0, "complet_da": "Unknown", "oper_date": null, "hist_notes": null, "trans_line": null, "approv_not": null, "mdb_risk_c": null, "mdb_loan_t": null, "mdb_status": null, "proj_desc": null, "resettl_ge": null, "resettl_pe": null, "resettl_ho": null, "local_name": null, "notes": null, "source": null, "cartodb_id": 375, "created_at": "2015-07-13", "updated_at": "2015-07-13" }, "geometry": { "type": "MultiPoint", "coordinates": [ [ 108.068909, 12.48132 ] ] } },
{ "type": "Feature", "properties": { "fid": "mekongdams.31", "date_updat": 0, "region": "Asia (SE)", "country": "Vietnam", "prov_state": null, "project": "Unknown", "rivers": null, "basin": "Mekong", "latitude": 12.50407, "longitude": 108.005074, "purpose": "Unknown", "numb_dams": null, "capacity": 0.0, "size": "NoData", "turbines": null, "dam_height": 0.0, "res_elev": null, "res_area_k": null, "res_capmil": null, "certainty": null, "status": "Unknown", "china_ovrs": null, "cost_us_m": 0, "financier": null, "financier2": null, "financier3": null, "developer": null, "builder": null, "sionhydrob": null, "contractor": null, "operator": null, "risk_insr": null, "start_date": 0, "complet_da": "Unknown", "oper_date": null, "hist_notes": null, "trans_line": null, "approv_not": null, "mdb_risk_c": null, "mdb_loan_t": null, "mdb_status": null, "proj_desc": null, "resettl_ge": null, "resettl_pe": null, "resettl_ho": null, "local_name": null, "notes": null, "source": null, "cartodb_id": 376, "created_at": "2015-07-13", "updated_at": "2015-07-13" }, "geometry": { "type": "MultiPoint", "coordinates": [ [ 108.005074000000121, 12.50407 ] ] } },
{ "type": "Feature", "properties": { "fid": "mekongdams.32", "date_updat": 0, "region": "Asia (SE)", "country": "Vietnam", "prov_state": null, "project": "Unknown", "rivers": null, "basin": "Mekong", "latitude": 12.51401, "longitude": 107.971024, "purpose": "Unknown", "numb_dams": null, "capacity": 0.0, "size": "NoData", "turbines": null, "dam_height": 0.0, "res_elev": null, "res_area_k": null, "res_capmil": null, "certainty": null, "status": "Unknown", "china_ovrs": null, "cost_us_m": 0, "financier": null, "financier2": null, "financier3": null, "developer": null, "builder": null, "sionhydrob": null, "contractor": null, "operator": null, "risk_insr": null, "start_date": 0, "complet_da": "Unknown", "oper_date": null, "hist_notes": null, "trans_line": null, "approv_not": null, "mdb_risk_c": null, "mdb_loan_t": null, "mdb_status": null, "proj_desc": null, "resettl_ge": null, "resettl_pe": null, "resettl_ho": null, "local_name": null, "notes": null, "source": null, "cartodb_id": 377, "created_at": "2015-07-13", "updated_at": "2015-07-13" }, "geometry": { "type": "MultiPoint", "coordinates": [ [ 107.971024000000142, 12.51401 ] ] } },
{ "type": "Feature", "properties": { "fid": "mekongdams.33", "date_updat": 0, "region": "Asia (SE)", "country": "Vietnam", "prov_state": null, "project": "Unknown", "rivers": null, "basin": "Mekong", "latitude": 12.51854, "longitude": 107.992081, "purpose": "Unknown", "numb_dams": null, "capacity": 0.0, "size": "NoData", "turbines": null, "dam_height": 0.0, "res_elev": null, "res_area_k": null, "res_capmil": null, "certainty": null, "status": "Unknown", "china_ovrs": null, "cost_us_m": 0, "financier": null, "financier2": null, "financier3": null, "developer": null, "builder": null, "sionhydrob": null, "contractor": null, "operator": null, "risk_insr": null, "start_date": 0, "complet_da": "Unknown", "oper_date": null, "hist_notes": null, "trans_line": null, "approv_not": null, "mdb_risk_c": null, "mdb_loan_t": null, "mdb_status": null, "proj_desc": null, "resettl_ge": null, "resettl_pe": null, "resettl_ho": null, "local_name": null, "notes": null, "source": null, "cartodb_id": 378, "created_at": "2015-07-13", "updated_at": "2015-07-13" }, "geometry": { "type": "MultiPoint", "coordinates": [ [ 107.992081000000127, 12.51854 ] ] } },
{ "type": "Feature", "properties": { "fid": "mekongdams.34", "date_updat": 0, "region": "Asia (SE)", "country": "Vietnam", "prov_state": null, "project": "Buon Kop", "rivers": null, "basin": "Mekong", "latitude": 12.52848, "longitude": 107.924438, "purpose": "Hydropower", "numb_dams": null, "capacity": 280.0, "size": "Large", "turbines": null, "dam_height": 34.0, "res_elev": null, "res_area_k": null, "res_capmil": null, "certainty": null, "status": "Operational", "china_ovrs": null, "cost_us_m": 0, "financier": null, "financier2": null, "financier3": null, "developer": null, "builder": null, "sionhydrob": null, "contractor": null, "operator": null, "risk_insr": null, "start_date": 0, "complet_da": "2009", "oper_date": null, "hist_notes": null, "trans_line": null, "approv_not": null, "mdb_risk_c": null, "mdb_loan_t": null, "mdb_status": null, "proj_desc": null, "resettl_ge": null, "resettl_pe": null, "resettl_ho": null, "local_name": null, "notes": null, "source": null, "cartodb_id": 379, "created_at": "2015-07-13", "updated_at": "2015-07-13" }, "geometry": { "type": "MultiPoint", "coordinates": [ [ 107.924438, 12.52848 ] ] } },
{ "type": "Feature", "properties": { "fid": "mekongdams.35", "date_updat": 0, "region": "Asia (SE)", "country": "Vietnam", "prov_state": null, "project": "Unknown", "rivers": null, "basin": "Mekong", "latitude": 12.5304, "longitude": 107.976898, "purpose": "Unknown", "numb_dams": null, "capacity": 0.0, "size": "NoData", "turbines": null, "dam_height": 0.0, "res_elev": null, "res_area_k": null, "res_capmil": null, "certainty": null, "status": "Unknown", "china_ovrs": null, "cost_us_m": 0, "financier": null, "financier2": null, "financier3": null, "developer": null, "builder": null, "sionhydrob": null, "contractor": null, "operator": null, "risk_insr": null, "start_date": 0, "complet_da": "Unknown", "oper_date": null, "hist_notes": null, "trans_line": null, "approv_not": null, "mdb_risk_c": null, "mdb_loan_t": null, "mdb_status": null, "proj_desc": null, "resettl_ge": null, "resettl_pe": null, "resettl_ho": null, "local_name": null, "notes": null, "source": null, "cartodb_id": 380, "created_at": "2015-07-13", "updated_at": "2015-07-13" }, "geometry": { "type": "MultiPoint", "coordinates": [ [ 107.976898, 12.5304 ] ] } },
{ "type": "Feature", "properties": { "fid": "mekongdams.36", "date_updat": 0, "region": "Asia (SE)", "country": "Vietnam", "prov_state": null, "project": "Unknown", "rivers": null, "basin": "Mekong", "latitude": 12.5324, "longitude": 107.97039, "purpose": "Unknown", "numb_dams": null, "capacity": 0.0, "size": "NoData", "turbines": null, "dam_height": 0.0, "res_elev": null, "res_area_k": null, "res_capmil": null, "certainty": null, "status": "Unknown", "china_ovrs": null, "cost_us_m": 0, "financier": null, "financier2": null, "financier3": null, "developer": null, "builder": null, "sionhydrob": null, "contractor": null, "operator": null, "risk_insr": null, "start_date": 0, "complet_da": "Unknown", "oper_date": null, "hist_notes": null, "trans_line": null, "approv_not": null, "mdb_risk_c": null, "mdb_loan_t": null, "mdb_status": null, "proj_desc": null, "resettl_ge": null, "resettl_pe": null, "resettl_ho": null, "local_name": null, "notes": null, "source": null, "cartodb_id": 381, "created_at": "2015-07-13", "updated_at": "2015-07-13" }, "geometry": { "type": "MultiPoint", "coordinates": [ [ 107.97039, 12.5324 ] ] } },
{ "type": "Feature", "properties": { "fid": "mekongdams.37", "date_updat": 0, "region": "Asia (SE)", "country": "Vietnam", "prov_state": null, "project": "Unknown", "rivers": null, "basin": "Mekong", "latitude": 12.53483, "longitude": 107.959023, "purpose": "Unknown", "numb_dams": null, "capacity": 0.0, "size": "NoData", "turbines": null, "dam_height": 0.0, "res_elev": null, "res_area_k": null, "res_capmil": null, "certainty": null, "status": "Unknown", "china_ovrs": null, "cost_us_m": 0, "financier": null, "financier2": null, "financier3": null, "developer": null, "builder": null, "sionhydrob": null, "contractor": null, "operator": null, "risk_insr": null, "start_date": 0, "complet_da": "Unknown", "oper_date": null, "hist_notes": null, "trans_line": null, "approv_not": null, "mdb_risk_c": null, "mdb_loan_t": null, "mdb_status": null, "proj_desc": null, "resettl_ge": null, "resettl_pe": null, "resettl_ho": null, "local_name": null, "notes": null, "source": null, "cartodb_id": 382, "created_at": "2015-07-13", "updated_at": "2015-07-13" }, "geometry": { "type": "MultiPoint", "coordinates": [ [ 107.959023, 12.53483 ] ] } },
{ "type": "Feature", "properties": { "fid": "mekongdams.38", "date_updat": 0, "region": "Asia (SE)", "country": "Vietnam", "prov_state": null, "project": "Unknown", "rivers": null, "basin": "Mekong", "latitude": 12.54349, "longitude": 108.09761, "purpose": "Unknown", "numb_dams": null, "capacity": 0.0, "size": "NoData", "turbines": null, "dam_height": 0.0, "res_elev": null, "res_area_k": null, "res_capmil": null, "certainty": null, "status": "Unknown", "china_ovrs": null, "cost_us_m": 0, "financier": null, "financier2": null, "financier3": null, "developer": null, "builder": null, "sionhydrob": null, "contractor": null, "operator": null, "risk_insr": null, "start_date": 0, "complet_da": "Unknown", "oper_date": null, "hist_notes": null, "trans_line": null, "approv_not": null, "mdb_risk_c": null, "mdb_loan_t": null, "mdb_status": null, "proj_desc": null, "resettl_ge": null, "resettl_pe": null, "resettl_ho": null, "local_name": null, "notes": null, "source": null, "cartodb_id": 383, "created_at": "2015-07-13", "updated_at": "2015-07-13" }, "geometry": { "type": "MultiPoint", "coordinates": [ [ 108.09761, 12.54349 ] ] } },
{ "type": "Feature", "properties": { "fid": "mekongdams.39", "date_updat": 0, "region": "Asia (SE)", "country": "Vietnam", "prov_state": null, "project": "Unknown", "rivers": null, "basin": "Mekong", "latitude": 12.54659, "longitude": 108.095039, "purpose": "Unknown", "numb_dams": null, "capacity": 0.0, "size": "NoData", "turbines": null, "dam_height": 0.0, "res_elev": null, "res_area_k": null, "res_capmil": null, "certainty": null, "status": "Unknown", "china_ovrs": null, "cost_us_m": 0, "financier": null, "financier2": null, "financier3": null, "developer": null, "builder": null, "sionhydrob": null, "contractor": null, "operator": null, "risk_insr": null, "start_date": 0, "complet_da": "Unknown", "oper_date": null, "hist_notes": null, "trans_line": null, "approv_not": null, "mdb_risk_c": null, "mdb_loan_t": null, "mdb_status": null, "proj_desc": null, "resettl_ge": null, "resettl_pe": null, "resettl_ho": null, "local_name": null, "notes": null, "source": null, "cartodb_id": 384, "created_at": "2015-07-13", "updated_at": "2015-07-13" }, "geometry": { "type": "MultiPoint", "coordinates": [ [ 108.095039000000128, 12.54659 ] ] } },
{ "type": "Feature", "properties": { "fid": "mekongdams.40", "date_updat": 0, "region": "Asia (SE)", "country": "Vietnam", "prov_state": null, "project": "Unknown", "rivers": null, "basin": "Mekong", "latitude": 12.55286, "longitude": 107.975487, "purpose": "Unknown", "numb_dams": null, "capacity": 0.0, "size": "NoData", "turbines": null, "dam_height": 0.0, "res_elev": null, "res_area_k": null, "res_capmil": null, "certainty": null, "status": "Unknown", "china_ovrs": null, "cost_us_m": 0, "financier": null, "financier2": null, "financier3": null, "developer": null, "builder": null, "sionhydrob": null, "contractor": null, "operator": null, "risk_insr": null, "start_date": 0, "complet_da": "Unknown", "oper_date": null, "hist_notes": null, "trans_line": null, "approv_not": null, "mdb_risk_c": null, "mdb_loan_t": null, "mdb_status": null, "proj_desc": null, "resettl_ge": null, "resettl_pe": null, "resettl_ho": null, "local_name": null, "notes": null, "source": null, "cartodb_id": 385, "created_at": "2015-07-13", "updated_at": "2015-07-13" }, "geometry": { "type": "MultiPoint", "coordinates": [ [ 107.975487, 12.55286 ] ] } },
{ "type": "Feature", "properties": { "fid": "mekongdams.41", "date_updat": 0, "region": "Asia (SE)", "country": "Vietnam", "prov_state": null, "project": "Unknown", "rivers": null, "basin": "Mekong", "latitude": 12.559, "longitude": 107.993217, "purpose": "Unknown", "numb_dams": null, "capacity": 0.0, "size": "NoData", "turbines": null, "dam_height": 0.0, "res_elev": null, "res_area_k": null, "res_capmil": null, "certainty": null, "status": "Unknown", "china_ovrs": null, "cost_us_m": 0, "financier": null, "financier2": null, "financier3": null, "developer": null, "builder": null, "sionhydrob": null, "contractor": null, "operator": null, "risk_insr": null, "start_date": 0, "complet_da": "Unknown", "oper_date": null, "hist_notes": null, "trans_line": null, "approv_not": null, "mdb_risk_c": null, "mdb_loan_t": null, "mdb_status": null, "proj_desc": null, "resettl_ge": null, "resettl_pe": null, "resettl_ho": null, "local_name": null, "notes": null, "source": null, "cartodb_id": 386, "created_at": "2015-07-13", "updated_at": "2015-07-13" }, "geometry": { "type": "MultiPoint", "coordinates": [ [ 107.993217, 12.559 ] ] } },
{ "type": "Feature", "properties": { "fid": "mekongdams.42", "date_updat": 0, "region": "Asia (SE)", "country": "Vietnam", "prov_state": null, "project": "Unknown", "rivers": null, "basin": "Mekong", "latitude": 12.55992, "longitude": 107.97963, "purpose": "Unknown", "numb_dams": null, "capacity": 0.0, "size": "NoData", "turbines": null, "dam_height": 0.0, "res_elev": null, "res_area_k": null, "res_capmil": null, "certainty": null, "status": "Unknown", "china_ovrs": null, "cost_us_m": 0, "financier": null, "financier2": null, "financier3": null, "developer": null, "builder": null, "sionhydrob": null, "contractor": null, "operator": null, "risk_insr": null, "start_date": 0, "complet_da": "Unknown", "oper_date": null, "hist_notes": null, "trans_line": null, "approv_not": null, "mdb_risk_c": null, "mdb_loan_t": null, "mdb_status": null, "proj_desc": null, "resettl_ge": null, "resettl_pe": null, "resettl_ho": null, "local_name": null, "notes": null, "source": null, "cartodb_id": 387, "created_at": "2015-07-13", "updated_at": "2015-07-13" }, "geometry": { "type": "MultiPoint", "coordinates": [ [ 107.979630000000128, 12.55992 ] ] } },
{ "type": "Feature", "properties": { "fid": "mekongdams.43", "date_updat": 0, "region": "Asia (SE)", "country": "Vietnam", "prov_state": null, "project": "Unknown", "rivers": null, "basin": "Mekong", "latitude": 12.58136, "longitude": 108.049187, "purpose": "Unknown", "numb_dams": null, "capacity": 0.0, "size": "NoData", "turbines": null, "dam_height": 0.0, "res_elev": null, "res_area_k": null, "res_capmil": null, "certainty": null, "status": "Unknown", "china_ovrs": null, "cost_us_m": 0, "financier": null, "financier2": null, "financier3": null, "developer": null, "builder": null, "sionhydrob": null, "contractor": null, "operator": null, "risk_insr": null, "start_date": 0, "complet_da": "Unknown", "oper_date": null, "hist_notes": null, "trans_line": null, "approv_not": null, "mdb_risk_c": null, "mdb_loan_t": null, "mdb_status": null, "proj_desc": null, "resettl_ge": null, "resettl_pe": null, "resettl_ho": null, "local_name": null, "notes": null, "source": null, "cartodb_id": 388, "created_at": "2015-07-13", "updated_at": "2015-07-13" }, "geometry": { "type": "MultiPoint", "coordinates": [ [ 108.049187000000103, 12.58136 ] ] } },
{ "type": "Feature", "properties": { "fid": "mekongdams.45", "date_updat": 0, "region": "Asia (SE)", "country": "Vietnam", "prov_state": null, "project": "Unknown", "rivers": null, "basin": "Mekong", "latitude": 12.60653, "longitude": 108.038147, "purpose": "Unknown", "numb_dams": null, "capacity": 0.0, "size": "NoData", "turbines": null, "dam_height": 0.0, "res_elev": null, "res_area_k": null, "res_capmil": null, "certainty": null, "status": "Unknown", "china_ovrs": null, "cost_us_m": 0, "financier": null, "financier2": null, "financier3": null, "developer": null, "builder": null, "sionhydrob": null, "contractor": null, "operator": null, "risk_insr": null, "start_date": 0, "complet_da": "Unknown", "oper_date": null, "hist_notes": null, "trans_line": null, "approv_not": null, "mdb_risk_c": null, "mdb_loan_t": null, "mdb_status": null, "proj_desc": null, "resettl_ge": null, "resettl_pe": null, "resettl_ho": null, "local_name": null, "notes": null, "source": null, "cartodb_id": 390, "created_at": "2015-07-13", "updated_at": "2015-07-13" }, "geometry": { "type": "MultiPoint", "coordinates": [ [ 108.038147000000123, 12.60653 ] ] } },
{ "type": "Feature", "properties": { "fid": "mekongdams.47", "date_updat": 0, "region": "Asia (SE)", "country": "Vietnam", "prov_state": null, "project": "Unknown", "rivers": null, "basin": "Mekong", "latitude": 12.63993, "longitude": 107.879662, "purpose": "Unknown", "numb_dams": null, "capacity": 0.0, "size": "NoData", "turbines": null, "dam_height": 0.0, "res_elev": null, "res_area_k": null, "res_capmil": null, "certainty": null, "status": "Unknown", "china_ovrs": null, "cost_us_m": 0, "financier": null, "financier2": null, "financier3": null, "developer": null, "builder": null, "sionhydrob": null, "contractor": null, "operator": null, "risk_insr": null, "start_date": 0, "complet_da": "Unknown", "oper_date": null, "hist_notes": null, "trans_line": null, "approv_not": null, "mdb_risk_c": null, "mdb_loan_t": null, "mdb_status": null, "proj_desc": null, "resettl_ge": null, "resettl_pe": null, "resettl_ho": null, "local_name": null, "notes": null, "source": null, "cartodb_id": 392, "created_at": "2015-07-13", "updated_at": "2015-07-13" }, "geometry": { "type": "MultiPoint", "coordinates": [ [ 107.879662, 12.63993 ] ] } },
{ "type": "Feature", "properties": { "fid": "mekongdams.48", "date_updat": 0, "region": "Asia (SE)", "country": "Vietnam", "prov_state": null, "project": "Unknown", "rivers": null, "basin": "Mekong", "latitude": 12.65075, "longitude": 108.125763, "purpose": "Unknown", "numb_dams": null, "capacity": 0.0, "size": "NoData", "turbines": null, "dam_height": 0.0, "res_elev": null, "res_area_k": null, "res_capmil": null, "certainty": null, "status": "Unknown", "china_ovrs": null, "cost_us_m": 0, "financier": null, "financier2": null, "financier3": null, "developer": null, "builder": null, "sionhydrob": null, "contractor": null, "operator": null, "risk_insr": null, "start_date": 0, "complet_da": "Unknown", "oper_date": null, "hist_notes": null, "trans_line": null, "approv_not": null, "mdb_risk_c": null, "mdb_loan_t": null, "mdb_status": null, "proj_desc": null, "resettl_ge": null, "resettl_pe": null, "resettl_ho": null, "local_name": null, "notes": null, "source": null, "cartodb_id": 393, "created_at": "2015-07-13", "updated_at": "2015-07-13" }, "geometry": { "type": "MultiPoint", "coordinates": [ [ 108.125763, 12.65075 ] ] } },
{ "type": "Feature", "properties": { "fid": "mekongdams.49", "date_updat": 0, "region": "Asia (SE)", "country": "Vietnam", "prov_state": null, "project": "Unknown", "rivers": null, "basin": "Mekong", "latitude": 12.65351, "longitude": 107.979233, "purpose": "Unknown", "numb_dams": null, "capacity": 0.0, "size": "NoData", "turbines": null, "dam_height": 0.0, "res_elev": null, "res_area_k": null, "res_capmil": null, "certainty": null, "status": "Unknown", "china_ovrs": null, "cost_us_m": 0, "financier": null, "financier2": null, "financier3": null, "developer": null, "builder": null, "sionhydrob": null, "contractor": null, "operator": null, "risk_insr": null, "start_date": 0, "complet_da": "Unknown", "oper_date": null, "hist_notes": null, "trans_line": null, "approv_not": null, "mdb_risk_c": null, "mdb_loan_t": null, "mdb_status": null, "proj_desc": null, "resettl_ge": null, "resettl_pe": null, "resettl_ho": null, "local_name": null, "notes": null, "source": null, "cartodb_id": 394, "created_at": "2015-07-13", "updated_at": "2015-07-13" }, "geometry": { "type": "MultiPoint", "coordinates": [ [ 107.979233, 12.65351 ] ] } },
{ "type": "Feature", "properties": { "fid": "mekongdams.50", "date_updat": 0, "region": "Asia (SE)", "country": "Vietnam", "prov_state": null, "project": "Unknown", "rivers": null, "basin": "Mekong", "latitude": 12.65607, "longitude": 107.998238, "purpose": "Unknown", "numb_dams": null, "capacity": 0.0, "size": "NoData", "turbines": null, "dam_height": 0.0, "res_elev": null, "res_area_k": null, "res_capmil": null, "certainty": null, "status": "Unknown", "china_ovrs": null, "cost_us_m": 0, "financier": null, "financier2": null, "financier3": null, "developer": null, "builder": null, "sionhydrob": null, "contractor": null, "operator": null, "risk_insr": null, "start_date": 0, "complet_da": "Unknown", "oper_date": null, "hist_notes": null, "trans_line": null, "approv_not": null, "mdb_risk_c": null, "mdb_loan_t": null, "mdb_status": null, "proj_desc": null, "resettl_ge": null, "resettl_pe": null, "resettl_ho": null, "local_name": null, "notes": null, "source": null, "cartodb_id": 395, "created_at": "2015-07-13", "updated_at": "2015-07-13" }, "geometry": { "type": "MultiPoint", "coordinates": [ [ 107.9982380000001, 12.65607 ] ] } },
{ "type": "Feature", "properties": { "fid": "mekongdams.51", "date_updat": 0, "region": "Asia (SE)", "country": "Vietnam", "prov_state": null, "project": "Unknown", "rivers": null, "basin": "Mekong", "latitude": 12.66217, "longitude": 108.138069, "purpose": "Unknown", "numb_dams": null, "capacity": 0.0, "size": "NoData", "turbines": null, "dam_height": 0.0, "res_elev": null, "res_area_k": null, "res_capmil": null, "certainty": null, "status": "Unknown", "china_ovrs": null, "cost_us_m": 0, "financier": null, "financier2": null, "financier3": null, "developer": null, "builder": null, "sionhydrob": null, "contractor": null, "operator": null, "risk_insr": null, "start_date": 0, "complet_da": "Unknown", "oper_date": null, "hist_notes": null, "trans_line": null, "approv_not": null, "mdb_risk_c": null, "mdb_loan_t": null, "mdb_status": null, "proj_desc": null, "resettl_ge": null, "resettl_pe": null, "resettl_ho": null, "local_name": null, "notes": null, "source": null, "cartodb_id": 396, "created_at": "2015-07-13", "updated_at": "2015-07-13" }, "geometry": { "type": "MultiPoint", "coordinates": [ [ 108.138069000000115, 12.66217 ] ] } },
{ "type": "Feature", "properties": { "fid": "mekongdams.52", "date_updat": 0, "region": "Asia (SE)", "country": "Vietnam", "prov_state": null, "project": "Unknown", "rivers": null, "basin": "Mekong", "latitude": 12.6748, "longitude": 108.071426, "purpose": "Unknown", "numb_dams": null, "capacity": 0.0, "size": "NoData", "turbines": null, "dam_height": 0.0, "res_elev": null, "res_area_k": null, "res_capmil": null, "certainty": null, "status": "Unknown", "china_ovrs": null, "cost_us_m": 0, "financier": null, "financier2": null, "financier3": null, "developer": null, "builder": null, "sionhydrob": null, "contractor": null, "operator": null, "risk_insr": null, "start_date": 0, "complet_da": "Unknown", "oper_date": null, "hist_notes": null, "trans_line": null, "approv_not": null, "mdb_risk_c": null, "mdb_loan_t": null, "mdb_status": null, "proj_desc": null, "resettl_ge": null, "resettl_pe": null, "resettl_ho": null, "local_name": null, "notes": null, "source": null, "cartodb_id": 397, "created_at": "2015-07-13", "updated_at": "2015-07-13" }, "geometry": { "type": "MultiPoint", "coordinates": [ [ 108.071426000000116, 12.6748 ] ] } },
{ "type": "Feature", "properties": { "fid": "mekongdams.53", "date_updat": 0, "region": "Asia (SE)", "country": "Vietnam", "prov_state": null, "project": "Dray Hlinh 1", "rivers": null, "basin": "Mekong", "latitude": 12.67546, "longitude": 107.903503, "purpose": "Hydropower", "numb_dams": null, "capacity": 12.0, "size": "Small", "turbines": null, "dam_height": 7.0, "res_elev": null, "res_area_k": null, "res_capmil": null, "certainty": null, "status": "Operational", "china_ovrs": null, "cost_us_m": 0, "financier": null, "financier2": null, "financier3": null, "developer": null, "builder": null, "sionhydrob": null, "contractor": null, "operator": null, "risk_insr": null, "start_date": 0, "complet_da": "1990", "oper_date": null, "hist_notes": null, "trans_line": null, "approv_not": null, "mdb_risk_c": null, "mdb_loan_t": null, "mdb_status": null, "proj_desc": null, "resettl_ge": null, "resettl_pe": null, "resettl_ho": null, "local_name": null, "notes": null, "source": null, "cartodb_id": 398, "created_at": "2015-07-13", "updated_at": "2015-07-13" }, "geometry": { "type": "MultiPoint", "coordinates": [ [ 107.903503, 12.67546 ] ] } },
{ "type": "Feature", "properties": { "fid": "mekongdams.54", "date_updat": 0, "region": "Asia (SE)", "country": "Vietnam", "prov_state": null, "project": "Dray Hlinh 2", "rivers": "Sre Pok", "basin": "Mekong", "latitude": 12.675494, "longitude": 107.903611, "purpose": null, "numb_dams": null, "capacity": 16.0, "size": null, "turbines": null, "dam_height": 0.0, "res_elev": null, "res_area_k": null, "res_capmil": null, "certainty": null, "status": "Operational", "china_ovrs": null, "cost_us_m": 0, "financier": null, "financier2": null, "financier3": null, "developer": null, "builder": null, "sionhydrob": null, "contractor": null, "operator": null, "risk_insr": null, "start_date": 0, "complet_da": "1908", "oper_date": null, "hist_notes": null, "trans_line": null, "approv_not": null, "mdb_risk_c": null, "mdb_loan_t": null, "mdb_status": null, "proj_desc": null, "resettl_ge": null, "resettl_pe": null, "resettl_ho": null, "local_name": null, "notes": null, "source": null, "cartodb_id": 399, "created_at": "2015-07-13", "updated_at": "2015-07-13" }, "geometry": { "type": "MultiPoint", "coordinates": [ [ 107.903611, 12.675494 ] ] } },
{ "type": "Feature", "properties": { "fid": "mekongdams.55", "date_updat": 0, "region": "Asia (SE)", "country": "Vietnam", "prov_state": null, "project": "Sre Pok 3", "rivers": null, "basin": "Mekong", "latitude": 12.75234, "longitude": 107.876762, "purpose": "Hydropower", "numb_dams": null, "capacity": 220.0, "size": "Large", "turbines": null, "dam_height": 52.5, "res_elev": null, "res_area_k": null, "res_capmil": null, "certainty": null, "status": "Operational", "china_ovrs": null, "cost_us_m": 0, "financier": null, "financier2": null, "financier3": null, "developer": null, "builder": null, "sionhydrob": null, "contractor": null, "operator": null, "risk_insr": null, "start_date": 0, "complet_da": "2009", "oper_date": null, "hist_notes": null, "trans_line": null, "approv_not": null, "mdb_risk_c": null, "mdb_loan_t": null, "mdb_status": null, "proj_desc": null, "resettl_ge": null, "resettl_pe": null, "resettl_ho": null, "local_name": null, "notes": null, "source": null, "cartodb_id": 400, "created_at": "2015-07-13", "updated_at": "2015-07-13" }, "geometry": { "type": "MultiPoint", "coordinates": [ [ 107.876762000000127, 12.75234 ] ] } },
{ "type": "Feature", "properties": { "fid": "mekongdams.57", "date_updat": 0, "region": "Asia (SE)", "country": "Vietnam", "prov_state": null, "project": "Sre Pok 4", "rivers": null, "basin": "Mekong", "latitude": 12.7966, "longitude": 107.859444, "purpose": "Hydropower", "numb_dams": null, "capacity": 600.0, "size": "Large", "turbines": null, "dam_height": 25.0, "res_elev": null, "res_area_k": null, "res_capmil": null, "certainty": null, "status": "Operational", "china_ovrs": null, "cost_us_m": 0, "financier": null, "financier2": null, "financier3": null, "developer": null, "builder": null, "sionhydrob": null, "contractor": null, "operator": null, "risk_insr": null, "start_date": 0, "complet_da": "2009", "oper_date": null, "hist_notes": null, "trans_line": null, "approv_not": null, "mdb_risk_c": null, "mdb_loan_t": null, "mdb_status": null, "proj_desc": null, "resettl_ge": null, "resettl_pe": null, "resettl_ho": null, "local_name": null, "notes": null, "source": null, "cartodb_id": 401, "created_at": "2015-07-13", "updated_at": "2015-07-13" }, "geometry": { "type": "MultiPoint", "coordinates": [ [ 107.859444000000138, 12.7966 ] ] } },
{ "type": "Feature", "properties": { "fid": "mekongdams.59", "date_updat": 0, "region": "Asia (SE)", "country": "Vietnam", "prov_state": null, "project": "Unknown", "rivers": null, "basin": "Mekong", "latitude": 12.80734, "longitude": 107.855202, "purpose": "Unknown", "numb_dams": null, "capacity": 0.0, "size": "NoData", "turbines": null, "dam_height": 0.0, "res_elev": null, "res_area_k": null, "res_capmil": null, "certainty": null, "status": "Unknown", "china_ovrs": null, "cost_us_m": 0, "financier": null, "financier2": null, "financier3": null, "developer": null, "builder": null, "sionhydrob": null, "contractor": null, "operator": null, "risk_insr": null, "start_date": 0, "complet_da": "Unknown", "oper_date": null, "hist_notes": null, "trans_line": null, "approv_not": null, "mdb_risk_c": null, "mdb_loan_t": null, "mdb_status": null, "proj_desc": null, "resettl_ge": null, "resettl_pe": null, "resettl_ho": null, "local_name": null, "notes": null, "source": null, "cartodb_id": 402, "created_at": "2015-07-13", "updated_at": "2015-07-13" }, "geometry": { "type": "MultiPoint", "coordinates": [ [ 107.855202, 12.80734 ] ] } },
{ "type": "Feature", "properties": { "fid": "mekongdams.60", "date_updat": 0, "region": "Asia (SE)", "country": "Vietnam", "prov_state": null, "project": "Unknown", "rivers": null, "basin": "Mekong", "latitude": 12.83955, "longitude": 108.124382, "purpose": "Unknown", "numb_dams": null, "capacity": 0.0, "size": "NoData", "turbines": null, "dam_height": 0.0, "res_elev": null, "res_area_k": null, "res_capmil": null, "certainty": null, "status": "Unknown", "china_ovrs": null, "cost_us_m": 0, "financier": null, "financier2": null, "financier3": null, "developer": null, "builder": null, "sionhydrob": null, "contractor": null, "operator": null, "risk_insr": null, "start_date": 0, "complet_da": "Unknown", "oper_date": null, "hist_notes": null, "trans_line": null, "approv_not": null, "mdb_risk_c": null, "mdb_loan_t": null, "mdb_status": null, "proj_desc": null, "resettl_ge": null, "resettl_pe": null, "resettl_ho": null, "local_name": null, "notes": null, "source": null, "cartodb_id": 403, "created_at": "2015-07-13", "updated_at": "2015-07-13" }, "geometry": { "type": "MultiPoint", "coordinates": [ [ 108.124382, 12.83955 ] ] } },
{ "type": "Feature", "properties": { "fid": "mekongdams.61", "date_updat": 0, "region": "Asia (SE)", "country": "Vietnam", "prov_state": null, "project": "Sre pok 4A", "rivers": null, "basin": "Mekong", "latitude": 12.867395, "longitude": 107.775401, "purpose": "Hydropower", "numb_dams": null, "capacity": 64.0, "size": "NoData", "turbines": null, "dam_height": 0.0, "res_elev": null, "res_area_k": null, "res_capmil": null, "certainty": null, "status": "Under Construction", "china_ovrs": null, "cost_us_m": 0, "financier": null, "financier2": null, "financier3": null, "developer": null, "builder": null, "sionhydrob": null, "contractor": null, "operator": null, "risk_insr": null, "start_date": 0, "complet_da": null, "oper_date": null, "hist_notes": null, "trans_line": null, "approv_not": null, "mdb_risk_c": null, "mdb_loan_t": null, "mdb_status": null, "proj_desc": null, "resettl_ge": null, "resettl_pe": null, "resettl_ho": null, "local_name": null, "notes": null, "source": null, "cartodb_id": 404, "created_at": "2015-07-13", "updated_at": "2015-07-13" }, "geometry": { "type": "MultiPoint", "coordinates": [ [ 107.775401, 12.867395 ] ] } },
{ "type": "Feature", "properties": { "fid": "mekongdams.62", "date_updat": 0, "region": "Asia (SE)", "country": "Vietnam", "prov_state": null, "project": "Unknown", "rivers": null, "basin": "Mekong", "latitude": 12.90911, "longitude": 107.804733, "purpose": "Unknown", "numb_dams": null, "capacity": 0.0, "size": "NoData", "turbines": null, "dam_height": 0.0, "res_elev": null, "res_area_k": null, "res_capmil": null, "certainty": null, "status": "Unknown", "china_ovrs": null, "cost_us_m": 0, "financier": null, "financier2": null, "financier3": null, "developer": null, "builder": null, "sionhydrob": null, "contractor": null, "operator": null, "risk_insr": null, "start_date": 0, "complet_da": "Unknown", "oper_date": null, "hist_notes": null, "trans_line": null, "approv_not": null, "mdb_risk_c": null, "mdb_loan_t": null, "mdb_status": null, "proj_desc": null, "resettl_ge": null, "resettl_pe": null, "resettl_ho": null, "local_name": null, "notes": null, "source": null, "cartodb_id": 405, "created_at": "2015-07-13", "updated_at": "2015-07-13" }, "geometry": { "type": "MultiPoint", "coordinates": [ [ 107.804733, 12.90911 ] ] } },
{ "type": "Feature", "properties": { "fid": "mekongdams.63", "date_updat": 0, "region": "Asia (SE)", "country": "Vietnam", "prov_state": null, "project": "Unknown", "rivers": null, "basin": "Mekong", "latitude": 12.9182, "longitude": 107.803238, "purpose": "Unknown", "numb_dams": null, "capacity": 0.0, "size": "NoData", "turbines": null, "dam_height": 0.0, "res_elev": null, "res_area_k": null, "res_capmil": null, "certainty": null, "status": "Unknown", "china_ovrs": null, "cost_us_m": 0, "financier": null, "financier2": null, "financier3": null, "developer": null, "builder": null, "sionhydrob": null, "contractor": null, "operator": null, "risk_insr": null, "start_date": 0, "complet_da": "Unknown", "oper_date": null, "hist_notes": null, "trans_line": null, "approv_not": null, "mdb_risk_c": null, "mdb_loan_t": null, "mdb_status": null, "proj_desc": null, "resettl_ge": null, "resettl_pe": null, "resettl_ho": null, "local_name": null, "notes": null, "source": null, "cartodb_id": 406, "created_at": "2015-07-13", "updated_at": "2015-07-13" }, "geometry": { "type": "MultiPoint", "coordinates": [ [ 107.803238, 12.9182 ] ] } },
{ "type": "Feature", "properties": { "fid": "mekongdams.64", "date_updat": 0, "region": "Asia (SE)", "country": "Vietnam", "prov_state": null, "project": "Unknown", "rivers": null, "basin": "Mekong", "latitude": 13.03447, "longitude": 107.931953, "purpose": "Unknown", "numb_dams": null, "capacity": 0.0, "size": "NoData", "turbines": null, "dam_height": 0.0, "res_elev": null, "res_area_k": null, "res_capmil": null, "certainty": null, "status": "Unknown", "china_ovrs": null, "cost_us_m": 0, "financier": null, "financier2": null, "financier3": null, "developer": null, "builder": null, "sionhydrob": null, "contractor": null, "operator": null, "risk_insr": null, "start_date": 0, "complet_da": "Unknown", "oper_date": null, "hist_notes": null, "trans_line": null, "approv_not": null, "mdb_risk_c": null, "mdb_loan_t": null, "mdb_status": null, "proj_desc": null, "resettl_ge": null, "resettl_pe": null, "resettl_ho": null, "local_name": null, "notes": null, "source": null, "cartodb_id": 407, "created_at": "2015-07-13", "updated_at": "2015-07-13" }, "geometry": { "type": "MultiPoint", "coordinates": [ [ 107.931953, 13.03447 ] ] } },
{ "type": "Feature", "properties": { "fid": "mekongdams.66", "date_updat": 0, "region": "Asia (SE)", "country": "Vietnam", "prov_state": null, "project": "Unknown", "rivers": null, "basin": "Mekong", "latitude": 13.06588, "longitude": 107.893433, "purpose": "Unknown", "numb_dams": null, "capacity": 0.0, "size": "NoData", "turbines": null, "dam_height": 0.0, "res_elev": null, "res_area_k": null, "res_capmil": null, "certainty": null, "status": "Unknown", "china_ovrs": null, "cost_us_m": 0, "financier": null, "financier2": null, "financier3": null, "developer": null, "builder": null, "sionhydrob": null, "contractor": null, "operator": null, "risk_insr": null, "start_date": 0, "complet_da": "Unknown", "oper_date": null, "hist_notes": null, "trans_line": null, "approv_not": null, "mdb_risk_c": null, "mdb_loan_t": null, "mdb_status": null, "proj_desc": null, "resettl_ge": null, "resettl_pe": null, "resettl_ho": null, "local_name": null, "notes": null, "source": null, "cartodb_id": 408, "created_at": "2015-07-13", "updated_at": "2015-07-13" }, "geometry": { "type": "MultiPoint", "coordinates": [ [ 107.893433, 13.06588 ] ] } },
{ "type": "Feature", "properties": { "fid": "mekongdams.67", "date_updat": 0, "region": "Asia (SE)", "country": "Vietnam", "prov_state": null, "project": "Upper Ya Soup", "rivers": null, "basin": "Mekong", "latitude": 13.246457, "longitude": 108.220892, "purpose": null, "numb_dams": null, "capacity": 0.0, "size": "NoData", "turbines": null, "dam_height": 0.0, "res_elev": null, "res_area_k": null, "res_capmil": null, "certainty": null, "status": "Planned", "china_ovrs": null, "cost_us_m": 0, "financier": null, "financier2": null, "financier3": null, "developer": null, "builder": null, "sionhydrob": null, "contractor": null, "operator": null, "risk_insr": null, "start_date": 0, "complet_da": null, "oper_date": null, "hist_notes": null, "trans_line": null, "approv_not": null, "mdb_risk_c": null, "mdb_loan_t": null, "mdb_status": null, "proj_desc": null, "resettl_ge": null, "resettl_pe": null, "resettl_ho": null, "local_name": null, "notes": null, "source": null, "cartodb_id": 409, "created_at": "2015-07-13", "updated_at": "2015-07-13" }, "geometry": { "type": "MultiPoint", "coordinates": [ [ 108.220892, 13.246457 ] ] } },
{ "type": "Feature", "properties": { "fid": "mekongdams.69", "date_updat": 0, "region": "Asia (SE)", "country": "Vietnam", "prov_state": null, "project": "Lower Ya Soup", "rivers": null, "basin": "Mekong", "latitude": 13.352308, "longitude": 108.175136, "purpose": null, "numb_dams": null, "capacity": 0.0, "size": "NoData", "turbines": null, "dam_height": 0.0, "res_elev": null, "res_area_k": null, "res_capmil": null, "certainty": null, "status": "Planned", "china_ovrs": null, "cost_us_m": 0, "financier": null, "financier2": null, "financier3": null, "developer": null, "builder": null, "sionhydrob": null, "contractor": null, "operator": null, "risk_insr": null, "start_date": 0, "complet_da": null, "oper_date": null, "hist_notes": null, "trans_line": null, "approv_not": null, "mdb_risk_c": null, "mdb_loan_t": null, "mdb_status": null, "proj_desc": null, "resettl_ge": null, "resettl_pe": null, "resettl_ho": null, "local_name": null, "notes": null, "source": null, "cartodb_id": 410, "created_at": "2015-07-13", "updated_at": "2015-07-13" }, "geometry": { "type": "MultiPoint", "coordinates": [ [ 108.175136, 13.352308 ] ] } },
{ "type": "Feature", "properties": { "fid": "mekongdams.76", "date_updat": 0, "region": "Asia (SE)", "country": "Vietnam", "prov_state": null, "project": "Unknown", "rivers": null, "basin": "Mekong", "latitude": 13.82181, "longitude": 107.952209, "purpose": "Unknown", "numb_dams": null, "capacity": 0.0, "size": "NoData", "turbines": null, "dam_height": 0.0, "res_elev": null, "res_area_k": null, "res_capmil": null, "certainty": null, "status": "Unknown", "china_ovrs": null, "cost_us_m": 0, "financier": null, "financier2": null, "financier3": null, "developer": null, "builder": null, "sionhydrob": null, "contractor": null, "operator": null, "risk_insr": null, "start_date": 0, "complet_da": "Unknown", "oper_date": null, "hist_notes": null, "trans_line": null, "approv_not": null, "mdb_risk_c": null, "mdb_loan_t": null, "mdb_status": null, "proj_desc": null, "resettl_ge": null, "resettl_pe": null, "resettl_ho": null, "local_name": null, "notes": null, "source": null, "cartodb_id": 411, "created_at": "2015-07-13", "updated_at": "2015-07-13" }, "geometry": { "type": "MultiPoint", "coordinates": [ [ 107.952209, 13.82181 ] ] } },
{ "type": "Feature", "properties": { "fid": "mekongdams.77", "date_updat": 0, "region": "Asia (SE)", "country": "Vietnam", "prov_state": null, "project": "Unknown", "rivers": null, "basin": "Mekong", "latitude": 13.83457, "longitude": 107.94046, "purpose": "Unknown", "numb_dams": null, "capacity": 0.0, "size": "NoData", "turbines": null, "dam_height": 0.0, "res_elev": null, "res_area_k": null, "res_capmil": null, "certainty": null, "status": "Unknown", "china_ovrs": null, "cost_us_m": 0, "financier": null, "financier2": null, "financier3": null, "developer": null, "builder": null, "sionhydrob": null, "contractor": null, "operator": null, "risk_insr": null, "start_date": 0, "complet_da": "Unknown", "oper_date": null, "hist_notes": null, "trans_line": null, "approv_not": null, "mdb_risk_c": null, "mdb_loan_t": null, "mdb_status": null, "proj_desc": null, "resettl_ge": null, "resettl_pe": null, "resettl_ho": null, "local_name": null, "notes": null, "source": null, "cartodb_id": 412, "created_at": "2015-07-13", "updated_at": "2015-07-13" }, "geometry": { "type": "MultiPoint", "coordinates": [ [ 107.94046, 13.83457 ] ] } },
{ "type": "Feature", "properties": { "fid": "mekongdams.78", "date_updat": 0, "region": "Asia (SE)", "country": "Vietnam", "prov_state": null, "project": "Unknown", "rivers": null, "basin": "Mekong", "latitude": 13.86386, "longitude": 107.887817, "purpose": "Unknown", "numb_dams": null, "capacity": 0.0, "size": "NoData", "turbines": null, "dam_height": 0.0, "res_elev": null, "res_area_k": null, "res_capmil": null, "certainty": null, "status": "Unknown", "china_ovrs": null, "cost_us_m": 0, "financier": null, "financier2": null, "financier3": null, "developer": null, "builder": null, "sionhydrob": null, "contractor": null, "operator": null, "risk_insr": null, "start_date": 0, "complet_da": "Unknown", "oper_date": null, "hist_notes": null, "trans_line": null, "approv_not": null, "mdb_risk_c": null, "mdb_loan_t": null, "mdb_status": null, "proj_desc": null, "resettl_ge": null, "resettl_pe": null, "resettl_ho": null, "local_name": null, "notes": null, "source": null, "cartodb_id": 413, "created_at": "2015-07-13", "updated_at": "2015-07-13" }, "geometry": { "type": "MultiPoint", "coordinates": [ [ 107.887817, 13.86386 ] ] } },
{ "type": "Feature", "properties": { "fid": "mekongdams.79", "date_updat": 0, "region": "Asia (SE)", "country": "Vietnam", "prov_state": null, "project": "Unknown", "rivers": null, "basin": "Mekong", "latitude": 13.92854, "longitude": 107.794884, "purpose": "Unknown", "numb_dams": null, "capacity": 0.0, "size": "NoData", "turbines": null, "dam_height": 0.0, "res_elev": null, "res_area_k": null, "res_capmil": null, "certainty": null, "status": "Unknown", "china_ovrs": null, "cost_us_m": 0, "financier": null, "financier2": null, "financier3": null, "developer": null, "builder": null, "sionhydrob": null, "contractor": null, "operator": null, "risk_insr": null, "start_date": 0, "complet_da": "Unknown", "oper_date": null, "hist_notes": null, "trans_line": null, "approv_not": null, "mdb_risk_c": null, "mdb_loan_t": null, "mdb_status": null, "proj_desc": null, "resettl_ge": null, "resettl_pe": null, "resettl_ho": null, "local_name": null, "notes": null, "source": null, "cartodb_id": 414, "created_at": "2015-07-13", "updated_at": "2015-07-13" }, "geometry": { "type": "MultiPoint", "coordinates": [ [ 107.79488400000011, 13.92854 ] ] } },
{ "type": "Feature", "properties": { "fid": "mekongdams.86", "date_updat": 0, "region": "Asia (SE)", "country": "Vietnam", "prov_state": null, "project": "Unknown", "rivers": null, "basin": "Mekong", "latitude": 14.06877, "longitude": 107.942787, "purpose": "Unknown", "numb_dams": null, "capacity": 0.0, "size": "NoData", "turbines": null, "dam_height": 0.0, "res_elev": null, "res_area_k": null, "res_capmil": null, "certainty": null, "status": "Unknown", "china_ovrs": null, "cost_us_m": 0, "financier": null, "financier2": null, "financier3": null, "developer": null, "builder": null, "sionhydrob": null, "contractor": null, "operator": null, "risk_insr": null, "start_date": 0, "complet_da": "Unknown", "oper_date": null, "hist_notes": null, "trans_line": null, "approv_not": null, "mdb_risk_c": null, "mdb_loan_t": null, "mdb_status": null, "proj_desc": null, "resettl_ge": null, "resettl_pe": null, "resettl_ho": null, "local_name": null, "notes": null, "source": null, "cartodb_id": 417, "created_at": "2015-07-13", "updated_at": "2015-07-13" }, "geometry": { "type": "MultiPoint", "coordinates": [ [ 107.942787, 14.06877 ] ] } },
{ "type": "Feature", "properties": { "fid": "mekongdams.87", "date_updat": 0, "region": "Asia (SE)", "country": "Vietnam", "prov_state": null, "project": "Unknown", "rivers": null, "basin": "Mekong", "latitude": 14.08634, "longitude": 108.036369, "purpose": "Unknown", "numb_dams": null, "capacity": 0.0, "size": "NoData", "turbines": null, "dam_height": 0.0, "res_elev": null, "res_area_k": null, "res_capmil": null, "certainty": null, "status": "Unknown", "china_ovrs": null, "cost_us_m": 0, "financier": null, "financier2": null, "financier3": null, "developer": null, "builder": null, "sionhydrob": null, "contractor": null, "operator": null, "risk_insr": null, "start_date": 0, "complet_da": "Unknown", "oper_date": null, "hist_notes": null, "trans_line": null, "approv_not": null, "mdb_risk_c": null, "mdb_loan_t": null, "mdb_status": null, "proj_desc": null, "resettl_ge": null, "resettl_pe": null, "resettl_ho": null, "local_name": null, "notes": null, "source": null, "cartodb_id": 418, "created_at": "2015-07-13", "updated_at": "2015-07-13" }, "geometry": { "type": "MultiPoint", "coordinates": [ [ 108.036369000000121, 14.08634 ] ] } },
{ "type": "Feature", "properties": { "fid": "mekongdams.88", "date_updat": 0, "region": "Asia (SE)", "country": "Vietnam", "prov_state": null, "project": "Sesan 3A", "rivers": null, "basin": "Mekong", "latitude": 14.10647, "longitude": 107.657753, "purpose": "Hydropower", "numb_dams": null, "capacity": 96.0, "size": "Large", "turbines": null, "dam_height": 35.0, "res_elev": null, "res_area_k": null, "res_capmil": null, "certainty": null, "status": "Operational", "china_ovrs": null, "cost_us_m": 0, "financier": null, "financier2": null, "financier3": null, "developer": null, "builder": null, "sionhydrob": null, "contractor": null, "operator": null, "risk_insr": null, "start_date": 0, "complet_da": "2007", "oper_date": null, "hist_notes": null, "trans_line": null, "approv_not": null, "mdb_risk_c": null, "mdb_loan_t": null, "mdb_status": null, "proj_desc": null, "resettl_ge": null, "resettl_pe": null, "resettl_ho": null, "local_name": null, "notes": null, "source": null, "cartodb_id": 419, "created_at": "2015-07-13", "updated_at": "2015-07-13" }, "geometry": { "type": "MultiPoint", "coordinates": [ [ 107.657753, 14.10647 ] ] } },
{ "type": "Feature", "properties": { "fid": "mekongdams.89", "date_updat": 0, "region": "Asia (SE)", "country": "Vietnam", "prov_state": null, "project": "Unknown", "rivers": null, "basin": "Mekong", "latitude": 14.17319, "longitude": 107.867233, "purpose": "Unknown", "numb_dams": null, "capacity": 0.0, "size": "NoData", "turbines": null, "dam_height": 0.0, "res_elev": null, "res_area_k": null, "res_capmil": null, "certainty": null, "status": "Unknown", "china_ovrs": null, "cost_us_m": 0, "financier": null, "financier2": null, "financier3": null, "developer": null, "builder": null, "sionhydrob": null, "contractor": null, "operator": null, "risk_insr": null, "start_date": 0, "complet_da": "Unknown", "oper_date": null, "hist_notes": null, "trans_line": null, "approv_not": null, "mdb_risk_c": null, "mdb_loan_t": null, "mdb_status": null, "proj_desc": null, "resettl_ge": null, "resettl_pe": null, "resettl_ho": null, "local_name": null, "notes": null, "source": null, "cartodb_id": 420, "created_at": "2015-07-13", "updated_at": "2015-07-13" }, "geometry": { "type": "MultiPoint", "coordinates": [ [ 107.867233000000141, 14.17319 ] ] } },
{ "type": "Feature", "properties": { "fid": "mekongdams.90", "date_updat": 0, "region": "Asia (SE)", "country": "Vietnam", "prov_state": null, "project": "Sesan 3", "rivers": null, "basin": "Mekong", "latitude": 14.21555, "longitude": 107.69989, "purpose": "Hydropower", "numb_dams": null, "capacity": 260.0, "size": "Large", "turbines": null, "dam_height": 69.0, "res_elev": null, "res_area_k": null, "res_capmil": null, "certainty": null, "status": "Operational", "china_ovrs": null, "cost_us_m": 0, "financier": null, "financier2": null, "financier3": null, "developer": null, "builder": null, "sionhydrob": null, "contractor": null, "operator": null, "risk_insr": null, "start_date": 0, "complet_da": "2006", "oper_date": null, "hist_notes": null, "trans_line": null, "approv_not": null, "mdb_risk_c": null, "mdb_loan_t": null, "mdb_status": null, "proj_desc": null, "resettl_ge": null, "resettl_pe": null, "resettl_ho": null, "local_name": null, "notes": null, "source": null, "cartodb_id": 421, "created_at": "2015-07-13", "updated_at": "2015-07-13" }, "geometry": { "type": "MultiPoint", "coordinates": [ [ 107.69989, 14.21555 ] ] } },
{ "type": "Feature", "properties": { "fid": "mekongdams.92", "date_updat": 0, "region": "Asia (SE)", "country": "Vietnam", "prov_state": null, "project": "Yali", "rivers": null, "basin": "Mekong", "latitude": 14.22748, "longitude": 107.82959, "purpose": "Hydropower", "numb_dams": null, "capacity": 720.0, "size": "Large", "turbines": null, "dam_height": 71.0, "res_elev": null, "res_area_k": null, "res_capmil": null, "certainty": null, "status": "Operational", "china_ovrs": null, "cost_us_m": 0, "financier": null, "financier2": null, "financier3": null, "developer": null, "builder": null, "sionhydrob": null, "contractor": null, "operator": null, "risk_insr": null, "start_date": 0, "complet_da": "2001", "oper_date": null, "hist_notes": null, "trans_line": null, "approv_not": null, "mdb_risk_c": null, "mdb_loan_t": null, "mdb_status": null, "proj_desc": null, "resettl_ge": null, "resettl_pe": null, "resettl_ho": null, "local_name": null, "notes": null, "source": null, "cartodb_id": 422, "created_at": "2015-07-13", "updated_at": "2015-07-13" }, "geometry": { "type": "MultiPoint", "coordinates": [ [ 107.82959, 14.22748 ] ] } },
{ "type": "Feature", "properties": { "fid": "mekongdams.98", "date_updat": 0, "region": "Asia (SE)", "country": "Vietnam", "prov_state": null, "project": "Plei Krong", "rivers": null, "basin": "Mekong", "latitude": 14.41148, "longitude": 107.864311, "purpose": "Hydropower", "numb_dams": null, "capacity": 100.0, "size": "Large", "turbines": null, "dam_height": 71.0, "res_elev": null, "res_area_k": null, "res_capmil": null, "certainty": null, "status": "Operational", "china_ovrs": null, "cost_us_m": 0, "financier": null, "financier2": null, "financier3": null, "developer": null, "builder": null, "sionhydrob": null, "contractor": null, "operator": null, "risk_insr": null, "start_date": 0, "complet_da": "2008", "oper_date": null, "hist_notes": null, "trans_line": null, "approv_not": null, "mdb_risk_c": null, "mdb_loan_t": null, "mdb_status": null, "proj_desc": null, "resettl_ge": null, "resettl_pe": null, "resettl_ho": null, "local_name": null, "notes": null, "source": null, "cartodb_id": 424, "created_at": "2015-07-13", "updated_at": "2015-07-13" }, "geometry": { "type": "MultiPoint", "coordinates": [ [ 107.864311000000129, 14.41148 ] ] } },
{ "type": "Feature", "properties": { "fid": "mekongdams.99", "date_updat": 0, "region": "Asia (SE)", "country": "Vietnam", "prov_state": "¨«", "project": "Pleikrong", "rivers": "Se San/Kroong Po Ko", "basin": "Mekong", "latitude": 14.411494, "longitude": 107.8643, "purpose": null, "numb_dams": null, "capacity": 100.0, "size": null, "turbines": "2x50", "dam_height": 0.0, "res_elev": null, "res_area_k": null, "res_capmil": null, "certainty": null, "status": "Operational", "china_ovrs": null, "cost_us_m": 0, "financier": null, "financier2": null, "financier3": null, "developer": null, "builder": null, "sionhydrob": null, "contractor": null, "operator": null, "risk_insr": null, "start_date": 0, "complet_da": "1909", "oper_date": null, "hist_notes": null, "trans_line": null, "approv_not": null, "mdb_risk_c": null, "mdb_loan_t": null, "mdb_status": null, "proj_desc": null, "resettl_ge": null, "resettl_pe": null, "resettl_ho": null, "local_name": null, "notes": null, "source": null, "cartodb_id": 425, "created_at": "2015-07-13", "updated_at": "2015-07-13" }, "geometry": { "type": "MultiPoint", "coordinates": [ [ 107.8643000000001, 14.411494 ] ] } },
{ "type": "Feature", "properties": { "fid": "mekongdams.104", "date_updat": 0, "region": "Asia (SE)", "country": "Vietnam", "prov_state": null, "project": "Unknown", "rivers": null, "basin": "Mekong", "latitude": 14.43689, "longitude": 107.912613, "purpose": "Unknown", "numb_dams": null, "capacity": 0.0, "size": "NoData", "turbines": null, "dam_height": 0.0, "res_elev": null, "res_area_k": null, "res_capmil": null, "certainty": null, "status": "Unknown", "china_ovrs": null, "cost_us_m": 0, "financier": null, "financier2": null, "financier3": null, "developer": null, "builder": null, "sionhydrob": null, "contractor": null, "operator": null, "risk_insr": null, "start_date": 0, "complet_da": "Unknown", "oper_date": null, "hist_notes": null, "trans_line": null, "approv_not": null, "mdb_risk_c": null, "mdb_loan_t": null, "mdb_status": null, "proj_desc": null, "resettl_ge": null, "resettl_pe": null, "resettl_ho": null, "local_name": null, "notes": null, "source": null, "cartodb_id": 426, "created_at": "2015-07-13", "updated_at": "2015-07-13" }, "geometry": { "type": "MultiPoint", "coordinates": [ [ 107.912613000000107, 14.43689 ] ] } },
{ "type": "Feature", "properties": { "fid": "mekongdams.107", "date_updat": 0, "region": "Asia (SE)", "country": "Vietnam", "prov_state": null, "project": "Unknown", "rivers": null, "basin": "Mekong", "latitude": 14.45723, "longitude": 107.904427, "purpose": "Unknown", "numb_dams": null, "capacity": 0.0, "size": "NoData", "turbines": null, "dam_height": 0.0, "res_elev": null, "res_area_k": null, "res_capmil": null, "certainty": null, "status": "Unknown", "china_ovrs": null, "cost_us_m": 0, "financier": null, "financier2": null, "financier3": null, "developer": null, "builder": null, "sionhydrob": null, "contractor": null, "operator": null, "risk_insr": null, "start_date": 0, "complet_da": "Unknown", "oper_date": null, "hist_notes": null, "trans_line": null, "approv_not": null, "mdb_risk_c": null, "mdb_loan_t": null, "mdb_status": null, "proj_desc": null, "resettl_ge": null, "resettl_pe": null, "resettl_ho": null, "local_name": null, "notes": null, "source": null, "cartodb_id": 427, "created_at": "2015-07-13", "updated_at": "2015-07-13" }, "geometry": { "type": "MultiPoint", "coordinates": [ [ 107.90442700000014, 14.45723 ] ] } },
{ "type": "Feature", "properties": { "fid": "mekongdams.108", "date_updat": 0, "region": "Asia (SE)", "country": "Vietnam", "prov_state": null, "project": "Unknown", "rivers": null, "basin": "Mekong", "latitude": 14.46596, "longitude": 107.932518, "purpose": "Unknown", "numb_dams": null, "capacity": 0.0, "size": "NoData", "turbines": null, "dam_height": 0.0, "res_elev": null, "res_area_k": null, "res_capmil": null, "certainty": null, "status": "Unknown", "china_ovrs": null, "cost_us_m": 0, "financier": null, "financier2": null, "financier3": null, "developer": null, "builder": null, "sionhydrob": null, "contractor": null, "operator": null, "risk_insr": null, "start_date": 0, "complet_da": "Unknown", "oper_date": null, "hist_notes": null, "trans_line": null, "approv_not": null, "mdb_risk_c": null, "mdb_loan_t": null, "mdb_status": null, "proj_desc": null, "resettl_ge": null, "resettl_pe": null, "resettl_ho": null, "local_name": null, "notes": null, "source": null, "cartodb_id": 428, "created_at": "2015-07-13", "updated_at": "2015-07-13" }, "geometry": { "type": "MultiPoint", "coordinates": [ [ 107.932518000000101, 14.46596 ] ] } },
{ "type": "Feature", "properties": { "fid": "mekongdams.111", "date_updat": 0, "region": "Asia (SE)", "country": "Vietnam", "prov_state": null, "project": "Unknown", "rivers": null, "basin": "Mekong", "latitude": 14.51072, "longitude": 108.00058, "purpose": "Unknown", "numb_dams": null, "capacity": 0.0, "size": "NoData", "turbines": null, "dam_height": 0.0, "res_elev": null, "res_area_k": null, "res_capmil": null, "certainty": null, "status": "Unknown", "china_ovrs": null, "cost_us_m": 0, "financier": null, "financier2": null, "financier3": null, "developer": null, "builder": null, "sionhydrob": null, "contractor": null, "operator": null, "risk_insr": null, "start_date": 0, "complet_da": "Unknown", "oper_date": null, "hist_notes": null, "trans_line": null, "approv_not": null, "mdb_risk_c": null, "mdb_loan_t": null, "mdb_status": null, "proj_desc": null, "resettl_ge": null, "resettl_pe": null, "resettl_ho": null, "local_name": null, "notes": null, "source": null, "cartodb_id": 429, "created_at": "2015-07-13", "updated_at": "2015-07-13" }, "geometry": { "type": "MultiPoint", "coordinates": [ [ 108.00058, 14.51072 ] ] } },
{ "type": "Feature", "properties": { "fid": "mekongdams.112", "date_updat": 0, "region": "Asia (SE)", "country": "Vietnam", "prov_state": null, "project": "Unknown", "rivers": null, "basin": "Mekong", "latitude": 14.52622, "longitude": 107.895401, "purpose": "Unknown", "numb_dams": null, "capacity": 0.0, "size": "NoData", "turbines": null, "dam_height": 0.0, "res_elev": null, "res_area_k": null, "res_capmil": null, "certainty": null, "status": "Unknown", "china_ovrs": null, "cost_us_m": 0, "financier": null, "financier2": null, "financier3": null, "developer": null, "builder": null, "sionhydrob": null, "contractor": null, "operator": null, "risk_insr": null, "start_date": 0, "complet_da": "Unknown", "oper_date": null, "hist_notes": null, "trans_line": null, "approv_not": null, "mdb_risk_c": null, "mdb_loan_t": null, "mdb_status": null, "proj_desc": null, "resettl_ge": null, "resettl_pe": null, "resettl_ho": null, "local_name": null, "notes": null, "source": null, "cartodb_id": 430, "created_at": "2015-07-13", "updated_at": "2015-07-13" }, "geometry": { "type": "MultiPoint", "coordinates": [ [ 107.895401, 14.52622 ] ] } },
{ "type": "Feature", "properties": { "fid": "mekongdams.115", "date_updat": 0, "region": "Asia (SE)", "country": "Vietnam", "prov_state": null, "project": "Unknown", "rivers": null, "basin": "Mekong", "latitude": 14.53832, "longitude": 107.969887, "purpose": "Unknown", "numb_dams": null, "capacity": 0.0, "size": "NoData", "turbines": null, "dam_height": 0.0, "res_elev": null, "res_area_k": null, "res_capmil": null, "certainty": null, "status": "Unknown", "china_ovrs": null, "cost_us_m": 0, "financier": null, "financier2": null, "financier3": null, "developer": null, "builder": null, "sionhydrob": null, "contractor": null, "operator": null, "risk_insr": null, "start_date": 0, "complet_da": "Unknown", "oper_date": null, "hist_notes": null, "trans_line": null, "approv_not": null, "mdb_risk_c": null, "mdb_loan_t": null, "mdb_status": null, "proj_desc": null, "resettl_ge": null, "resettl_pe": null, "resettl_ho": null, "local_name": null, "notes": null, "source": null, "cartodb_id": 431, "created_at": "2015-07-13", "updated_at": "2015-07-13" }, "geometry": { "type": "MultiPoint", "coordinates": [ [ 107.969887000000114, 14.53832 ] ] } },
{ "type": "Feature", "properties": { "fid": "mekongdams.117", "date_updat": 0, "region": "Asia (SE)", "country": "Vietnam", "prov_state": null, "project": "Unknown", "rivers": null, "basin": "Mekong", "latitude": 14.55894, "longitude": 107.926102, "purpose": "Unknown", "numb_dams": null, "capacity": 0.0, "size": "NoData", "turbines": null, "dam_height": 0.0, "res_elev": null, "res_area_k": null, "res_capmil": null, "certainty": null, "status": "Unknown", "china_ovrs": null, "cost_us_m": 0, "financier": null, "financier2": null, "financier3": null, "developer": null, "builder": null, "sionhydrob": null, "contractor": null, "operator": null, "risk_insr": null, "start_date": 0, "complet_da": "Unknown", "oper_date": null, "hist_notes": null, "trans_line": null, "approv_not": null, "mdb_risk_c": null, "mdb_loan_t": null, "mdb_status": null, "proj_desc": null, "resettl_ge": null, "resettl_pe": null, "resettl_ho": null, "local_name": null, "notes": null, "source": null, "cartodb_id": 432, "created_at": "2015-07-13", "updated_at": "2015-07-13" }, "geometry": { "type": "MultiPoint", "coordinates": [ [ 107.9261020000001, 14.55894 ] ] } },
{ "type": "Feature", "properties": { "fid": "mekongdams.118", "date_updat": 0, "region": "Asia (SE)", "country": "Vietnam", "prov_state": null, "project": "Unknown", "rivers": null, "basin": "Mekong", "latitude": 14.56399, "longitude": 107.943291, "purpose": "Unknown", "numb_dams": null, "capacity": 0.0, "size": "NoData", "turbines": null, "dam_height": 0.0, "res_elev": null, "res_area_k": null, "res_capmil": null, "certainty": null, "status": "Unknown", "china_ovrs": null, "cost_us_m": 0, "financier": null, "financier2": null, "financier3": null, "developer": null, "builder": null, "sionhydrob": null, "contractor": null, "operator": null, "risk_insr": null, "start_date": 0, "complet_da": "Unknown", "oper_date": null, "hist_notes": null, "trans_line": null, "approv_not": null, "mdb_risk_c": null, "mdb_loan_t": null, "mdb_status": null, "proj_desc": null, "resettl_ge": null, "resettl_pe": null, "resettl_ho": null, "local_name": null, "notes": null, "source": null, "cartodb_id": 433, "created_at": "2015-07-13", "updated_at": "2015-07-13" }, "geometry": { "type": "MultiPoint", "coordinates": [ [ 107.943291, 14.56399 ] ] } },
{ "type": "Feature", "properties": { "fid": "mekongdams.121", "date_updat": 0, "region": "Asia (SE)", "country": "Vietnam", "prov_state": null, "project": "Unknown", "rivers": null, "basin": "Mekong", "latitude": 14.58534, "longitude": 107.932823, "purpose": "Unknown", "numb_dams": null, "capacity": 0.0, "size": "NoData", "turbines": null, "dam_height": 0.0, "res_elev": null, "res_area_k": null, "res_capmil": null, "certainty": null, "status": "Unknown", "china_ovrs": null, "cost_us_m": 0, "financier": null, "financier2": null, "financier3": null, "developer": null, "builder": null, "sionhydrob": null, "contractor": null, "operator": null, "risk_insr": null, "start_date": 0, "complet_da": "Unknown", "oper_date": null, "hist_notes": null, "trans_line": null, "approv_not": null, "mdb_risk_c": null, "mdb_loan_t": null, "mdb_status": null, "proj_desc": null, "resettl_ge": null, "resettl_pe": null, "resettl_ho": null, "local_name": null, "notes": null, "source": null, "cartodb_id": 434, "created_at": "2015-07-13", "updated_at": "2015-07-13" }, "geometry": { "type": "MultiPoint", "coordinates": [ [ 107.932823000000127, 14.58534 ] ] } },
{ "type": "Feature", "properties": { "fid": "mekongdams.122", "date_updat": 0, "region": "Asia (SE)", "country": "Vietnam", "prov_state": null, "project": "Unknown", "rivers": null, "basin": "Mekong", "latitude": 14.58675, "longitude": 107.893143, "purpose": "Unknown", "numb_dams": null, "capacity": 0.0, "size": "NoData", "turbines": null, "dam_height": 0.0, "res_elev": null, "res_area_k": null, "res_capmil": null, "certainty": null, "status": "Unknown", "china_ovrs": null, "cost_us_m": 0, "financier": null, "financier2": null, "financier3": null, "developer": null, "builder": null, "sionhydrob": null, "contractor": null, "operator": null, "risk_insr": null, "start_date": 0, "complet_da": "Unknown", "oper_date": null, "hist_notes": null, "trans_line": null, "approv_not": null, "mdb_risk_c": null, "mdb_loan_t": null, "mdb_status": null, "proj_desc": null, "resettl_ge": null, "resettl_pe": null, "resettl_ho": null, "local_name": null, "notes": null, "source": null, "cartodb_id": 435, "created_at": "2015-07-13", "updated_at": "2015-07-13" }, "geometry": { "type": "MultiPoint", "coordinates": [ [ 107.893143, 14.58675 ] ] } },
{ "type": "Feature", "properties": { "fid": "mekongdams.123", "date_updat": 0, "region": "Asia (SE)", "country": "Vietnam", "prov_state": null, "project": "Unknown", "rivers": null, "basin": "Mekong", "latitude": 14.59545, "longitude": 107.871941, "purpose": "Unknown", "numb_dams": null, "capacity": 0.0, "size": "NoData", "turbines": null, "dam_height": 0.0, "res_elev": null, "res_area_k": null, "res_capmil": null, "certainty": null, "status": "Unknown", "china_ovrs": null, "cost_us_m": 0, "financier": null, "financier2": null, "financier3": null, "developer": null, "builder": null, "sionhydrob": null, "contractor": null, "operator": null, "risk_insr": null, "start_date": 0, "complet_da": "Unknown", "oper_date": null, "hist_notes": null, "trans_line": null, "approv_not": null, "mdb_risk_c": null, "mdb_loan_t": null, "mdb_status": null, "proj_desc": null, "resettl_ge": null, "resettl_pe": null, "resettl_ho": null, "local_name": null, "notes": null, "source": null, "cartodb_id": 436, "created_at": "2015-07-13", "updated_at": "2015-07-13" }, "geometry": { "type": "MultiPoint", "coordinates": [ [ 107.871941, 14.59545 ] ] } },
{ "type": "Feature", "properties": { "fid": "mekongdams.125", "date_updat": 0, "region": "Asia (SE)", "country": "Vietnam", "prov_state": null, "project": "Unknown", "rivers": null, "basin": "Mekong", "latitude": 14.63335, "longitude": 107.652527, "purpose": "Unknown", "numb_dams": null, "capacity": 0.0, "size": "NoData", "turbines": null, "dam_height": 0.0, "res_elev": null, "res_area_k": null, "res_capmil": null, "certainty": null, "status": "Unknown", "china_ovrs": null, "cost_us_m": 0, "financier": null, "financier2": null, "financier3": null, "developer": null, "builder": null, "sionhydrob": null, "contractor": null, "operator": null, "risk_insr": null, "start_date": 0, "complet_da": "Unknown", "oper_date": null, "hist_notes": null, "trans_line": null, "approv_not": null, "mdb_risk_c": null, "mdb_loan_t": null, "mdb_status": null, "proj_desc": null, "resettl_ge": null, "resettl_pe": null, "resettl_ho": null, "local_name": null, "notes": null, "source": null, "cartodb_id": 437, "created_at": "2015-07-13", "updated_at": "2015-07-13" }, "geometry": { "type": "MultiPoint", "coordinates": [ [ 107.652527000000106, 14.63335 ] ] } },
{ "type": "Feature", "properties": { "fid": "mekongdams.135", "date_updat": 0, "region": "Asia (SE)", "country": "Vietnam", "prov_state": null, "project": "Upper Kontum", "rivers": null, "basin": "Mekong", "latitude": 14.71128, "longitude": 108.234238, "purpose": "Hydropower", "numb_dams": null, "capacity": 250.0, "size": "Large", "turbines": null, "dam_height": 73.0, "res_elev": null, "res_area_k": null, "res_capmil": null, "certainty": null, "status": "Operational", "china_ovrs": null, "cost_us_m": 0, "financier": null, "financier2": null, "financier3": null, "developer": null, "builder": null, "sionhydrob": null, "contractor": null, "operator": null, "risk_insr": null, "start_date": 0, "complet_da": "2011", "oper_date": null, "hist_notes": null, "trans_line": null, "approv_not": null, "mdb_risk_c": null, "mdb_loan_t": null, "mdb_status": null, "proj_desc": null, "resettl_ge": null, "resettl_pe": null, "resettl_ho": null, "local_name": null, "notes": null, "source": null, "cartodb_id": 438, "created_at": "2015-07-13", "updated_at": "2015-07-13" }, "geometry": { "type": "MultiPoint", "coordinates": [ [ 108.234238, 14.71128 ] ] } }
]
}
